/*
SQLyog Community v9.10 
MySQL - 5.1.62-0ubuntu0.10.04.1 : Database - sherwood
*********************************************************************
*/

/*!40101 SET NAMES utf8 */;

/*!40101 SET SQL_MODE=''*/;

/*!40014 SET @OLD_UNIQUE_CHECKS=@@UNIQUE_CHECKS, UNIQUE_CHECKS=0 */;
/*!40014 SET @OLD_FOREIGN_KEY_CHECKS=@@FOREIGN_KEY_CHECKS, FOREIGN_KEY_CHECKS=0 */;
/*!40101 SET @OLD_SQL_MODE=@@SQL_MODE, SQL_MODE='NO_AUTO_VALUE_ON_ZERO' */;
/*!40111 SET @OLD_SQL_NOTES=@@SQL_NOTES, SQL_NOTES=0 */;
CREATE DATABASE /*!32312 IF NOT EXISTS*/`sherwood` /*!40100 DEFAULT CHARACTER SET utf8 */;

USE `sherwood`;

/*Table structure for table `admins` */

DROP TABLE IF EXISTS `admins`;

CREATE TABLE `admins` (
  `id` int(11) unsigned NOT NULL AUTO_INCREMENT,
  `email` varchar(64) NOT NULL,
  `password` varchar(64) NOT NULL,
  PRIMARY KEY (`id`)
) ENGINE=InnoDB AUTO_INCREMENT=2 DEFAULT CHARSET=utf8;

/*Data for the table `admins` */

insert  into `admins`(`id`,`email`,`password`) values (1,'test@dev.com','test');

/*Table structure for table `news` */

DROP TABLE IF EXISTS `news`;

CREATE TABLE `news` (
  `id` int(11) unsigned NOT NULL AUTO_INCREMENT,
  `title_ru` varchar(255) NOT NULL,
  `title_en` varchar(255) DEFAULT NULL,
  `title_ua` varchar(255) DEFAULT NULL,
  `short_ru` text,
  `short_en` text,
  `short_ua` text,
  `full_ru` longtext,
  `full_en` longtext,
  `full_ua` longtext,
  `created_ts` timestamp NOT NULL DEFAULT CURRENT_TIMESTAMP,
  `views_count` int(11) NOT NULL,
  `seo_url_ru` varchar(255) NOT NULL,
  `seo_url_en` varchar(255) DEFAULT NULL,
  `seo_url_ua` varchar(255) DEFAULT NULL,
  PRIMARY KEY (`id`)
) ENGINE=InnoDB AUTO_INCREMENT=8 DEFAULT CHARSET=utf8;

/*Data for the table `news` */

insert  into `news`(`id`,`title_ru`,`title_en`,`title_ua`,`short_ru`,`short_en`,`short_ua`,`full_ru`,`full_en`,`full_ua`,`created_ts`,`views_count`,`seo_url_ru`,`seo_url_en`,`seo_url_ua`) values (6,'Стоимость',NULL,NULL,'<p>К 100-летнему юбилею знаменитой Полтавской битвы город начал застраиваться</p>',NULL,NULL,'<p style=\"text-align: justify; padding: 15px;\">Полтава &ndash; один из крупнейших городов Украины, административный и культурный центр Полтавской области. В последние годы к городу значительно возрос интерес со стороны туристов. И действительно, здесь есть чем полюбоваться и что посетить. В городе находится Музей авиации и космонавтики, краеведческий музей, усадьба-музей известного украинского писателя Ивана Котляревского. К 100-летнему юбилею знаменитой Полтавской битвы город начал застраиваться по проектам лучших зодчих как &laquo;маленький Петербург&raquo;. Есть в городе уникальное сооружение &ndash; ансамбль Круглой площади, расположенный в центральной части современной Полтавы. Для тех, кто хотел поклониться святыням, открыты двери храма святых великомучениц Веры, Надежды, Любови и матери их Софии. К услугам тех и других гостиницы г. Полтава, Украина.</p>\r\n<p style=\"text-align: center;\">﻿<img title=\"erwqrqwrw\" src=\"../../../../userfiles/ag_sm.jpg\" alt=\"\" width=\"536\" height=\"285\" /></p>',NULL,NULL,'2012-02-24 14:06:37',0,'stoimost',NULL,NULL),(7,'Новость гостиницы аллея гранд',NULL,NULL,'<p>Новость гостиницы аллея гранд rsdfgasdfgtasdfg</p>',NULL,NULL,'<p>Полный текст</p>',NULL,NULL,'2012-03-25 18:20:56',0,'novost-gostinicy-alleya-grand',NULL,NULL);

/*Table structure for table `objects` */

DROP TABLE IF EXISTS `objects`;

CREATE TABLE `objects` (
  `id` int(11) unsigned NOT NULL AUTO_INCREMENT,
  `title` varchar(255) NOT NULL,
  `short` text,
  `full` text,
  `tour_link` varchar(255) DEFAULT NULL,
  `is_tour` tinyint(1) NOT NULL DEFAULT '0',
  `head_title` text,
  `head_description` text,
  `head_meta` text,
  `order` int(10) unsigned NOT NULL DEFAULT '1',
  PRIMARY KEY (`id`)
) ENGINE=InnoDB AUTO_INCREMENT=11 DEFAULT CHARSET=utf8;

/*Data for the table `objects` */

insert  into `objects`(`id`,`title`,`short`,`full`,`tour_link`,`is_tour`,`head_title`,`head_description`,`head_meta`,`order`) values (2,'Гостиница \"Алея Гранд\"','<p style=\"text-align: justify;\">&nbsp; &nbsp;Гостиница Полтавы &laquo;Алея Гранд&raquo; расположена недалеко от центра города, рядом с основными деловыми, культурно-историческими, развлекательными и спортивными сооружениями. В нескольких минутах ходьбы от нашей гостиницы в Полтаве находится Корпусный парк &mdash; место отдыха полтавчан и гостей города.<br /><br />&nbsp; &nbsp;Удобное расположение отеля избавляет от проблем с транспортом и делает перемещение по городу легким и комфортным.</p>','<p style=\"text-align: justify;\">&nbsp; &nbsp;Гостиничный комплекс &laquo;Аллея Гранд&raquo; предлагает своим гостям 21 комфортабельный номер 5 различных категорий, отличающихся изысканным дизайном и стильной обстановкой.</p>\r\n<p style=\"text-align: justify;\">&nbsp; &nbsp;В каждом номере высокоскоростной WI-FI и проводной интернет, климат контроль, подогрев полов в санузлах, мини-бар, интерактивное ТВ, прямая телефонная связь, сейф.</p>\r\n<p style=\"text-align: justify;\">&nbsp; &nbsp;Гостиница &laquo;Аллея Гранд&raquo; расположена недалеко от центра города, рядом с основным&nbsp; культурно-историческими, развлекательными&nbsp; и спортивными сооружениями.</p>\r\n<p style=\"text-align: justify;\">&nbsp; &nbsp;Удобное расположение&nbsp; гостиницы избавляет от проблем с транспортом и делает перемещение по городу легким и комфортным.</p>\r\n<p style=\"text-align: justify;\">&nbsp;&nbsp;&nbsp;&nbsp;&nbsp;&nbsp;&nbsp; К Вашим услугам:</p>\r\n<p style=\"text-align: justify;\">&nbsp;&nbsp;&nbsp;&nbsp;&nbsp;&nbsp;&nbsp; - круглосуточная парковка;</p>\r\n<p style=\"text-align: justify;\">&nbsp;&nbsp;&nbsp;&nbsp;&nbsp;&nbsp;&nbsp; - побудка гостя в определенное&nbsp; время;</p>\r\n<p style=\"text-align: justify;\">&nbsp;&nbsp;&nbsp;&nbsp;&nbsp;&nbsp;&nbsp; - круглосуточное ресторанное обслуживание;</p>\r\n<p style=\"text-align: justify;\">&nbsp;&nbsp;&nbsp;&nbsp;&nbsp;&nbsp;&nbsp; - конференц-зал на 35 человек;</p>\r\n<p style=\"text-align: justify;\">&nbsp;&nbsp;&nbsp;&nbsp;&nbsp;&nbsp;&nbsp; - высокоскоростной WI-FI Интернет;</p>\r\n<p style=\"text-align: justify;\">&nbsp;&nbsp;&nbsp;&nbsp;&nbsp;&nbsp;&nbsp; - ресторан &laquo;Раффинато&raquo;;</p>\r\n<p style=\"text-align: justify;\">&nbsp;&nbsp;&nbsp;&nbsp;&nbsp;&nbsp;&nbsp; - круглосуточно работает &laquo;Нега бар&raquo;.</p>','gostinica-aleya-grand',0,'','','',30),(3,'Ресторанный комплекс \"Каштанова алея\"','<p style=\"text-align: justify;\">&nbsp; &nbsp;Приглашаем Вас посетить ресторанный комплекс &laquo;Каштанова алея&raquo;, который удовлетворит вкус самых требовательных гостей.</p>\r\n<p style=\"text-align: justify;\">&nbsp; &nbsp;Профессиональные повара порадуют Вас лучшими блюдами французской, креативной, европейской, мексиканской, украинской и домашней кухни.</p>\r\n<p style=\"text-align: justify;\">&nbsp; &nbsp;К вашему вниманию бармены представят широкий выбор наилучших напитков и самых оригинальных коктейлей мира.</p>','<p style=\"text-align: justify;\">&nbsp; &nbsp;Приглашаем Вас посетить ресторанный комплекс &laquo;Каштанова алея&raquo;, который удовлетворит вкус самых требовательных гостей.</p>\r\n<p style=\"text-align: justify;\">&nbsp; &nbsp;Вас ждут оригинальный ПАБ с вращающейся барной стойкой, пивные станции, расположенные на Вашем столике.</p>\r\n<p style=\"text-align: justify;\">&nbsp; &nbsp;Профессиональные повара порадуют Вас лучшими блюдами французской, креативной, европейской, мексиканской, украинской и домашней кухни.</p>\r\n<p style=\"text-align: justify;\">&nbsp; &nbsp;К вашему вниманию бармены представят широкий выбор наилучших напитков и самых оригинальных коктейлей мира.</p>\r\n<p style=\"text-align: justify;\">&nbsp; &nbsp;На втором этаже в зале ресторана Вас ждет атмосфера изысканности и комфорта. Оригинальная &nbsp;подача ресторанных блюд, отличная сервировка, безупречные официанты придадут ощущение шарма и утонченности, а живая музыка, в исполнении дуэта &laquo;Каштанова аллея&raquo;, создаст романтическое настроение.</p>\r\n<p style=\"text-align: justify;\">&nbsp; &nbsp;Любителей активного отдыха ждет зажигательная &nbsp; дискотека с лучшими ди-джеями Украины в субботу с 22-00 до 04-00 часов.</p>\r\n<p style=\"text-align: justify;\">&nbsp; &nbsp;Отлаженная работа профессионального коллектива обслуживающего персонала создаст атмосферу гостеприимства, радушия, хорошего настроения &nbsp;и &nbsp;оставят незабываемые&nbsp; впечатления о нашем&nbsp; городе.</p>\r\n<p style=\"text-align: justify;\">&nbsp; &nbsp; Рады видеть Вас с 10-00 до 02-00 часов</p>','restorannyy-kompleks-kashtanova-aleya',1,'','','',10),(4,'Ресторан \"Казачка\"','<p style=\"text-align: justify;\">&nbsp; &nbsp;Ресторан &laquo;Казачка&raquo; полностью сохраняет колорит украинских традиций.&nbsp; Только здесь вы сможете насладиться украинскими блюдами, приготовленными по старинным рецептам наших предков.&nbsp; Попробовать&nbsp; блюда, приготовленные в тандыре.</p>\r\n<p style=\"text-align: justify;\">&nbsp; &nbsp;Также к Вашему вниманию представлены отдельные куреня, где Вы сможете&nbsp; хорошо&nbsp; провести время в узкой компании.</p>\r\n<p style=\"text-align: justify;\">&nbsp; &nbsp;Для любителей пообедать на свежем воздухе&nbsp; - уютная летняя площадке.</p>','<p style=\"text-align: justify;\">&nbsp; &nbsp;Ресторан &laquo;Казачка&raquo; полностью сохраняет колорит украинских традиций.&nbsp; Только здесь вы сможете насладиться украинскими блюдами, приготовленными по старинным рецептам наших предков.&nbsp; Попробовать&nbsp; блюда, приготовленные в тандыре.</p>\r\n<p style=\"text-align: justify;\">&nbsp; &nbsp;Также к Вашему вниманию представлены отдельные куреня, где Вы сможете&nbsp; хорошо&nbsp; провести время в узкой компании.</p>\r\n<p style=\"text-align: justify;\">&nbsp; &nbsp;Для любителей пообедать на свежем воздухе&nbsp; - уютная летняя площадке.</p>\r\n<p style=\"text-align: justify;\">&nbsp; &nbsp;Ждем Вас каждый день с 12-00 до 23-00 часов.</p>','restoran-kazachka',1,'','','',80),(5,'Ресторан-бар \"Посейдон\"','<p style=\"text-align: justify;\">&nbsp; &nbsp;Ресторан-бар &laquo;Посейдон&raquo; - царство Олимпийского Бога, повелителя моря и его жителей предстанет&nbsp; перед Вами во всем блеске! Войдя&nbsp; в него, погружаешься&nbsp; в неповторимый морской&nbsp; мир. Экзотический зал ресторана &laquo;Посейдон&raquo; в лазурных оттенках создает приятную и загадочную&nbsp; атмосферу и идеально подойдет для обеда, дней рождений, торжеств, семейных праздников, юбилеев или свадеб.</p>','<p style=\"text-align: justify;\">&nbsp; &nbsp;Ресторан-бар &laquo;Посейдон&raquo; - царство Олимпийского Бога, повелителя моря и его жителей предстанет&nbsp; перед Вами во всем блеске! Войдя&nbsp; в него, погружаешься&nbsp; в неповторимый морской&nbsp; мир. Экзотический зал ресторана &laquo;Посейдон&raquo; в лазурных оттенках создает приятную и загадочную&nbsp; атмосферу и идеально подойдет для обеда, дней рождений, торжеств, семейных праздников, юбилеев или свадеб.</p>\r\n<p style=\"text-align: justify;\">&nbsp; &nbsp;Для небольших торжеств в ресторане есть VIP-зал на 8 посадочных мест. Для любителей кальяна &ndash; уютная кальянная комната в удивительном стиле Востока.</p>\r\n<p style=\"text-align: justify;\">&nbsp; &nbsp;В меню ресторана вы найдете богатый выбор блюд из&nbsp; морепродуктов и блюд, приготовленных на гриле.</p>\r\n<p style=\"text-align: justify;\">&nbsp; &nbsp; Работаев для Вас ежедневно с 11-00 до 23-00 часов.</p>','restoran-bar-poseydon',1,'','','',70),(6,'Кафе-бар \"Европа\"','<p>&nbsp;&nbsp;&nbsp;&nbsp;&nbsp;&nbsp;&nbsp; Самое модное заведение нашего города &ndash; это &nbsp;кафе-бар Европа. Частица Европы в центре Полтавы. На втором этаже расположен VIP-зал на 25 посадочных&nbsp; мест и летняя площадка, уютный интерьер&nbsp; которой очарует даже самого избалованного клиента.</p>','<p style=\"text-align: justify;\">&nbsp; &nbsp;Самое модное заведение нашего города &ndash; это &nbsp;кафе-бар Европа. Частица Европы в центре Полтавы. На втором этаже расположен VIP-зал на 25 посадочных&nbsp; мест и летняя площадка, уютный интерьер&nbsp; которой очарует даже самого избалованного клиента.</p>\r\n<p style=\"text-align: justify;\">&nbsp; &nbsp;Первый этаж - просторный зал бара с удобными диванами и кальянными, который в выходные дни работает как диско-холл.</p>\r\n<p style=\"text-align: justify;\">&nbsp; &nbsp;На нулевом этаже расположен боулинг-клуб &laquo;Бум у місті&raquo; для любителей активного отдыха. Там находятся первые в Украине &laquo;пьяные&raquo; дорожки, которые не оставят&nbsp; равнодушными ни одного любителя игры в боулинг.</p>\r\n<p style=\"text-align: justify;\">&nbsp; &nbsp;Кафе-бар &laquo;Европа&raquo; работает для Вас с 12-00 до 23-00 &nbsp;часов.</p>\r\n<p style=\"text-align: justify;\">&nbsp; &nbsp;Боулинг-клуб &laquo;Бум у місті&raquo;&nbsp; работает&nbsp; с 12-00 до 4-00 часов.</p>','kafe-bar-evropa',1,'','','',60),(7,'СПА-салон \"Лотос\"','<p style=\"text-align: justify;\">&nbsp; &nbsp;Отдохнуть от повседневных забот, уделить внимание красоте своего тела или пообщаться с друзьями в перерывах между заходом в сауну и плаванием в бассейне можно в престижном СПА-салоне &laquo;Лотос&raquo;.</p>\r\n<p style=\"text-align: justify;\">&nbsp; &nbsp;&laquo;Лотос&raquo; предлагает Вашему внимание широкий спектр услуг&nbsp; для восстановления Вашего здоровья</p>','<p style=\"text-align: justify;\">&nbsp; &nbsp;Отдохнуть от повседневных забот, уделить внимание красоте своего тела или пообщаться с друзьями в перерывах между заходом в сауну и плаванием в бассейне можно в престижном СПА-салоне &laquo;Лотос&raquo;.</p>\r\n<p style=\"text-align: justify;\">&nbsp;&nbsp;&nbsp;&nbsp;&nbsp;&nbsp;&nbsp; &laquo;Лотос&raquo; предлагает Вашему внимание широкий спектр услуг&nbsp; для восстановления Вашего здоровья:</p>\r\n<p style=\"text-align: justify;\">&nbsp;&nbsp;&nbsp;&nbsp;&nbsp;&nbsp;&nbsp; - три сауны с купелью;</p>\r\n<p style=\"text-align: justify;\">&nbsp;&nbsp;&nbsp;&nbsp;&nbsp;&nbsp;&nbsp; - многофункциональный СПА бассейн с гидромассажной системой (джакузи, водопад, гидромассаж, , гейзер, противоток&raquo;;</p>\r\n<p style=\"text-align: justify;\">&nbsp;&nbsp;&nbsp;&nbsp;&nbsp;&nbsp;&nbsp; - оздоровительный массаж;</p>\r\n<p style=\"text-align: justify;\">&nbsp;&nbsp;&nbsp;&nbsp;&nbsp;&nbsp;&nbsp; - антицеллюлитная программа;</p>\r\n<p style=\"text-align: justify;\">&nbsp;&nbsp;&nbsp;&nbsp;&nbsp;&nbsp;&nbsp; - СПА капсула;</p>\r\n<p style=\"text-align: justify;\">&nbsp;&nbsp;&nbsp;&nbsp;&nbsp;&nbsp;&nbsp; - обертывание на основе натуральной косметики Липокофеин и Гуам, шоколадные маски.</p>\r\n<p style=\"text-align: justify;\">&nbsp; &nbsp;Гарантируем Вам высококачественное обслуживание, комфортную обстановку и хорошее настроение.</p>\r\n<p style=\"text-align: justify;\">&nbsp; &nbsp;Лучше один раз увидеть, чем сто раз услышать.</p>','spa-salon-lotos',1,'','','',20),(8,'Кафе-бар \"Бочка\"','<p style=\"text-align: justify;\">&nbsp; &nbsp;Приглашаем жителей и гостей города посетить кафе-бар &laquo;Бочка&raquo; - новое предприятие в сети&nbsp; &laquo;Алея Смаку&raquo;.</p>\r\n<p style=\"text-align: justify;\">&nbsp;&nbsp;&nbsp;&nbsp;&nbsp;&nbsp;&nbsp; К Вашим услугам:</p>\r\n<p style=\"text-align: justify;\">&nbsp;&nbsp;&nbsp;&nbsp;&nbsp;&nbsp;&nbsp; - пивной бар,</p>\r\n<p style=\"text-align: justify;\">&nbsp;&nbsp;&nbsp;&nbsp;&nbsp;&nbsp;&nbsp; - ВИП-зал;</p>\r\n<p style=\"text-align: justify;\">&nbsp;&nbsp;&nbsp;&nbsp;&nbsp;&nbsp;&nbsp; - австрийская кухня;</p>\r\n<p style=\"text-align: justify;\">&nbsp;&nbsp;&nbsp;&nbsp;&nbsp;&nbsp;&nbsp; - разнообразные закуски к пиву;</p>\r\n<p style=\"text-align: justify;\">&nbsp;&nbsp;&nbsp;&nbsp;&nbsp;&nbsp;&nbsp; - блинное меню;</p>\r\n<p style=\"text-align: justify;\">&nbsp;&nbsp;&nbsp;&nbsp;&nbsp;&nbsp;&nbsp; - кальян;</p>\r\n<p style=\"text-align: justify;\">&nbsp;&nbsp;&nbsp;&nbsp;&nbsp;&nbsp;&nbsp; - широкий ассортимент пива.</p>\r\n<p style=\"text-align: justify;\">&nbsp;&nbsp;&nbsp;&nbsp;&nbsp;&nbsp;&nbsp; - вкуснейшие свиные ребрышки, рульки, колбаски и пиво в подарок.</p>\r\n<p style=\"text-align: justify;\">&nbsp; Пробуйте! Наслаждайтесь!.</p>\r\n<p style=\"text-align: justify;\">&nbsp; Отлаженная работа профессионального коллектива обслуживающего персонала и&nbsp; уютная &nbsp;обстановка создаст атмосферу радушия и&nbsp; хорошего настроения.</p>','<p style=\"text-align: justify;\">&nbsp; &nbsp;Приглашаем жителей и гостей города посетить кафе-бар &laquo;Бочка&raquo; - новое предприятие в сети&nbsp; &laquo;Алея Смаку&raquo;.</p>\r\n<p style=\"text-align: justify;\">&nbsp; &nbsp;К Вашим услугам:</p>\r\n<p style=\"text-align: justify;\">&nbsp;&nbsp;&nbsp;&nbsp;&nbsp;&nbsp;&nbsp; - пивной бар,</p>\r\n<p style=\"text-align: justify;\">&nbsp;&nbsp;&nbsp;&nbsp;&nbsp;&nbsp;&nbsp; - ВИП-зал;</p>\r\n<p style=\"text-align: justify;\">&nbsp;&nbsp;&nbsp;&nbsp;&nbsp;&nbsp;&nbsp; - австрийская кухня;</p>\r\n<p style=\"text-align: justify;\">&nbsp;&nbsp;&nbsp;&nbsp;&nbsp;&nbsp;&nbsp; - разнообразные закуски к пиву;</p>\r\n<p style=\"text-align: justify;\">&nbsp;&nbsp;&nbsp;&nbsp;&nbsp;&nbsp;&nbsp; - блинное меню;</p>\r\n<p style=\"text-align: justify;\">&nbsp;&nbsp;&nbsp;&nbsp;&nbsp;&nbsp;&nbsp; - кальян;</p>\r\n<p style=\"text-align: justify;\">&nbsp;&nbsp;&nbsp;&nbsp;&nbsp;&nbsp;&nbsp; - широкий ассортимент пива.</p>\r\n<p style=\"text-align: justify;\">&nbsp;&nbsp;&nbsp;&nbsp;&nbsp;&nbsp;&nbsp; - вкуснейшие свиные ребрышки, рульки, колбаски и пиво в подарок.</p>\r\n<p style=\"text-align: justify;\">&nbsp; &nbsp;Пробуйте! Наслаждайтесь!.</p>\r\n<p style=\"text-align: justify;\">&nbsp; &nbsp;Отлаженная работа профессионального коллектива обслуживающего персонала и&nbsp; уютная &nbsp;обстановка создаст атмосферу радушия и&nbsp; хорошего настроения.</p>\r\n<p style=\"text-align: justify;\">&nbsp; &nbsp;Рады видеть Вас с 12-00 до 23-00 часов</p>','kafe-bar-bochka',1,'Meta tile for Bochka','some meta description','some, meta, tags',40),(9,'Ресторан \"Раффинато\"','<p>&nbsp; &nbsp;&laquo;Раффинато&raquo; - ресторан, в котором вы окунетесь в атмосферу итальянской классики. Здесь приятно&nbsp; провести время за романтическим ужином, отпраздновать день рождения, свадьбу или&nbsp; корпоративную вечеринку. Только для Вас блюда итальянской&nbsp; и европейской кухни, богатая винотека, обширные чайная и&nbsp; десертная карты.</p>','<p>&nbsp; &nbsp;&laquo;Раффинато&raquo; - ресторан, в котором вы окунетесь в атмосферу итальянской классики. Здесь приятно&nbsp; провести время за романтическим ужином, отпраздновать день рождения, свадьбу или&nbsp; корпоративную вечеринку. Только для Вас блюда итальянской&nbsp; и европейской кухни, богатая винотека, обширные чайная и&nbsp; десертная карты.</p>\r\n<p>&nbsp; &nbsp;А звуки белого рояля сделают Ваш отдых незабываемым.</p>\r\n<p>&nbsp; &nbsp;Ресторан работает для Вас каждый день с 7-00 до 23-00 часов.</p>','restoran-raffinato',0,'','','',50),(10,'\"Нега\" бар','<p><span>&laquo;Нега&raquo; бар &ndash; это современный бар со стильным интерьером, где поистине королевская роскошь заряжает энергией и помогает расслабиться. Здесь вы сможете разместиться на удобных диванчиках, покурить кальян, насладиться неповторимыми коктейлями.</span></p>','<p><span>&laquo;Нега&raquo; бар &ndash; это современный бар со стильным интерьером, где поистине королевская роскошь заряжает энергией и помогает расслабиться. Здесь вы сможете разместиться на удобных диванчиках, покурить кальян, насладиться неповторимыми коктейлями.</span><br /><span>&laquo;Нега&raquo; бар &ndash; самое яркое и динамичное заведение ....Более того, двери бара открыты для вас круглосуточно.</span><br /><span>В любое время Вы сможете насладиться уютной атмосферой, отдохнуть от городской суеты.</span></p>','nega-bar',0,'','','',1);

/*Table structure for table `photos` */

DROP TABLE IF EXISTS `photos`;

CREATE TABLE `photos` (
  `id` int(11) unsigned NOT NULL AUTO_INCREMENT,
  `extention` varchar(8) NOT NULL,
  `title` varchar(255) DEFAULT 'Фотография',
  PRIMARY KEY (`id`)
) ENGINE=InnoDB AUTO_INCREMENT=51 DEFAULT CHARSET=utf8;

/*Data for the table `photos` */

insert  into `photos`(`id`,`extention`,`title`) values (15,'jpg','Гостиница Аллея гранд, фасад'),(16,'jpg','Гостиница Аллея гранд, конференцзал'),(17,'jpg','Гостиница Аллея гранд, номер'),(18,'jpg','Гостиница Аллея гранд, ресепшин'),(19,'jpg','Бар Бочка, барная стойка'),(20,'jpg','Бар Бочка, VIP зал'),(21,'jpg','Бар \'Бочка\', зал с панно \'Полтавская битва\''),(22,'jpg','\'Бум у місті\', боулинг'),(23,'jpg','Кафе-бар \'Европа\', фасад'),(24,'jpg','Кафе-бар \'Европа\', летняя площадка'),(25,'jpg','Кафе-бар \'Европа\', зал'),(26,'jpg','Ресторанный комплекс \'Каштановая аллея\', фасад'),(27,'jpg','Ресторанный комплекс \'Каштановая аллея\', паб'),(28,'jpg','Ресторанный комплекс \'Каштановая аллея\', зал ресторана'),(29,'jpg','Ресторан \'Казачка\', фасад'),(30,'jpg','Ресторан \'Казачка\', зал ресторана'),(31,'jpg','Фотография'),(32,'jpg','Фотография'),(33,'jpg','Фотография'),(34,'jpg','Фотография'),(35,'jpg','Фотография'),(36,'jpg','Фотография'),(37,'jpg','Фотография'),(38,'jpg','Фотография'),(39,'jpg','Фотография'),(40,'jpg','Фотография'),(41,'jpg','Фотография'),(42,'jpg','Фотография'),(43,'jpg',''),(44,'jpg','Гостиница \'Аллея гранд\', санузел'),(45,'jpg','Кафе-бар \'Бочка\', зал'),(46,'jpg','Кафе-бар \'Бочка\', блюдо'),(47,'jpg','Кафе-бар \'Бочка\', блюдо'),(48,'jpg','Кафе-бар \'Бочка\', салат из капусты'),(49,'jpg','Ресторан \'Европа\', летняя площадка, банкет'),(50,'jpg','Ресторан \'Европа\', Боулинг');

/*Table structure for table `photos_pages` */

DROP TABLE IF EXISTS `photos_pages`;

CREATE TABLE `photos_pages` (
  `photo_id` int(11) unsigned NOT NULL,
  `page` varchar(64) NOT NULL,
  PRIMARY KEY (`photo_id`,`page`),
  CONSTRAINT `FK_photos_pages_photo_id_photo_id` FOREIGN KEY (`photo_id`) REFERENCES `photos` (`id`) ON DELETE CASCADE
) ENGINE=InnoDB DEFAULT CHARSET=utf8;

/*Data for the table `photos_pages` */

insert  into `photos_pages`(`photo_id`,`page`) values (15,'about'),(15,'alleya-grand'),(15,'contacts'),(15,'main'),(15,'news'),(15,'objects'),(15,'programs'),(15,'raffinato'),(15,'vacancies'),(16,'alleya-grand'),(17,'alleya-grand'),(18,'alleya-grand'),(18,'main'),(18,'objects'),(18,'raffinato'),(19,'bochka'),(19,'contacts'),(19,'main'),(19,'objects'),(20,'bochka'),(20,'main'),(20,'objects'),(21,'bochka'),(22,'evropa'),(22,'objects'),(23,'about'),(23,'contacts'),(23,'evropa'),(23,'main'),(23,'news'),(23,'objects'),(23,'vacancies'),(24,'evropa'),(25,'evropa'),(26,'about'),(26,'contacts'),(26,'kasht-alleya'),(26,'main'),(26,'news'),(26,'objects'),(26,'vacancies'),(27,'kasht-alleya'),(27,'objects'),(28,'kasht-alleya'),(28,'objects'),(29,'about'),(29,'contacts'),(29,'kazachka'),(29,'main'),(29,'news'),(29,'objects'),(29,'programs'),(29,'vacancies'),(30,'kazachka'),(30,'objects'),(31,'lotos'),(31,'main'),(31,'objects'),(32,'lotos'),(32,'objects'),(35,'about'),(35,'contacts'),(35,'main'),(35,'news'),(35,'objects'),(35,'programs'),(35,'vacancies'),(37,'about'),(37,'contacts'),(37,'main'),(37,'news'),(37,'objects'),(37,'poseidon'),(37,'programs'),(37,'vacancies'),(38,'objects'),(38,'poseidon'),(39,'poseidon'),(40,'raffinato'),(41,'about'),(41,'contacts'),(41,'main'),(41,'news'),(41,'objects'),(41,'programs'),(41,'raffinato'),(41,'vacancies'),(42,'main'),(42,'objects'),(42,'raffinato'),(43,'alleya-grand'),(44,'alleya-grand'),(45,'bochka'),(46,'bochka'),(47,'bochka'),(48,'bochka'),(49,'evropa'),(50,'evropa');

/*Table structure for table `staticpages` */

DROP TABLE IF EXISTS `staticpages`;

CREATE TABLE `staticpages` (
  `id` int(11) unsigned NOT NULL AUTO_INCREMENT,
  `title` varchar(255) NOT NULL,
  `content` longtext,
  `name` varchar(64) NOT NULL,
  `head_title` text,
  `head_description` text,
  `head_meta` text,
  PRIMARY KEY (`id`,`name`)
) ENGINE=InnoDB AUTO_INCREMENT=6 DEFAULT CHARSET=utf8;

/*Data for the table `staticpages` */

insert  into `staticpages`(`id`,`title`,`content`,`name`,`head_title`,`head_description`,`head_meta`) values (1,'О нас','<p>В корпорацию &nbsp;&laquo;Алея Смаку&raquo; входят ресторанный комплекс &laquo;Каштанова аллея&raquo;, ресторан &laquo;Посейдон&raquo;, гостиница &nbsp; &laquo;Алея Гранд&raquo;, ресторан &laquo;Раффинато&raquo;, кафе-бар &laquo;Бочка&raquo;, ресторан &laquo;Казачка&raquo;, СПА салон &laquo;Лотос&raquo;, кафе-бар &laquo;Европа&raquo; с боулинг-клубом &laquo;Бум у місті&raquo;.</p>','about','Сеть заведений \"Аллея смаку\" | О нас','Отдых в Полтаве. Гостиницы, рестораны, кафе, боулинг, СПА','гостиницы, рестораны, кафе, боулинг, СПА, бухло, дискотеки, развлечения'),(2,'Вакансии','<p><strong>Гостиница в Полтаве - &laquo;Аллея Гранд&raquo;</strong></p>\r\n<p>Полтава&nbsp;&mdash; исторический и&nbsp;культурный центр Украины, воспетый многими мастерами культуры и искусства. Полтавская земля издавна славится своей гостеприимностью и&nbsp;радушием. Возраст города&nbsp;&mdash; более 11&nbsp;веков, но&nbsp;он&nbsp;по-прежнему молод и&nbsp;с&nbsp;каждым годом становится все красивее.</p>\r\n<p>Отель &laquo;Алея Гранд&raquo; -&nbsp;<a href=\"http://alleya-grand.com.ua/\">гостиница Полтавы</a>, расположена недалеко от центра города, рядом с основными деловыми, культурно-историческими, развлекательными и спортивными сооружениями. В нескольких минутах ходьбы от нашего отеля в Полтаве находится Корпусный парк &mdash; любимое место отдыха полтавчан и гостей города</p>\r\n<p>Удобное расположение гостиницы избавляет от&nbsp;проблем с&nbsp;транспортом и&nbsp;делает перемещение по&nbsp;городу легким и&nbsp;комфортным.</p>','vacancies',NULL,NULL,NULL),(3,'Программы лояльности','<p>Данная программа создана в целях привлечения клиентов и предполагает использование системы специальных скидок и льгот Постоянным Гостям. Данной системой предполагается предоставление для постоянных клиентов пластиковых карточек с индивидуальным номером.&nbsp;</p>\r\n<p>&nbsp;</p>\r\n<p>Стать участником программы очень просто. Все, что вам нужно &mdash; это зарегистрироваться, и уже после 15 ночей, проведенных в гостинице &laquo;Алея Гранд&raquo; за календарный год, вам вручается карточка Постоянного Гостя со скидкой 5%. Владелец карточки получает право на следующие привилегии:</p>\r\n<p><img style=\"float: right;\" title=\"Карты постоянных гостей. Отель Алея Гранд в центре Полтавы\" src=\"http://alleya-grand.com.ua/db/img/20_62433b46.gif\" border=\"0\" alt=\"Карты лояльности. Гостиница Алея Гранд, Полтава\" width=\"170\" height=\"126\" align=\"right\" /></p>\r\n<ul>\r\n<li>гарантированное резервирование (при поступлении заявки не позднее, чем за 96 часов);</li>\r\n<li>5% скидка на проживание в номерах&nbsp;<a href=\"http://alleya-grand.com.ua/\">гостиницы Алея Гранд в Полтаве</a>;</li>\r\n<li>5% скидка на услуги всех заведений сети &laquo;Алея Смаку&raquo;.</li>\r\n</ul>\r\n<p>&nbsp;</p>\r\n<p>Посетив гостиницу &laquo;Алея Гранд&raquo; 25 раз за календарный год, вы становитесь владельцем карточки Постоянного Гостя со скидкой 10%. Ваши привилегии еще выше, ваших льгот еще больше:</p>\r\n<ul>\r\n<li>гарантированное резервирование (при поступлении заявки не позднее, чем за 96 часов);</li>\r\n<li>10% скидка на проживание в гостинице Аллея Гранд;</li>\r\n<li>10% скидка на услуги всех заведений сети &laquo;Алея Смаку&raquo;.&nbsp;</li>\r\n</ul>\r\n<p>&nbsp;</p>\r\n<p><img style=\"border-style: initial; border-color: initial;\" title=\"Карты постоянных гостей. Отель Алея Гранд в центре Полтавы\" src=\"http://alleya-grand.com.ua/db/img/20_62433b46.gif\" border=\"0\" alt=\"Карты лояльности. Гостиница Алея Гранд, Полтава\" width=\"170\" height=\"126\" align=\"right\" /></p>\r\n<p>Если вы посетите нас 40 раз за календарный год, вы получаете карточку со скидкой 15% и право на:</p>\r\n<ul>\r\n<li>гарантированное резервирование (при поступлении заявки не позднее, чем за 96 часов);</li>\r\n<div></div>\r\n<li>15% скидка на проживание в гостинице Аллея Гранд;</li>\r\n<li>15% скидка на услуги всех заведений сети &laquo;Алея Смаку&raquo;.</li>\r\n</ul>','programs',NULL,NULL,NULL),(4,'Контакты','<h2>Гостиница &laquo;Алея Гранд&raquo;,<br />ресторан &laquo;Раффинато&raquo;, бар &laquo;Нега&raquo;</h2>\r\n<p>Украина, 36000, г. Полтава, ул. Октябрьская, 57.</p>\r\n<p>Телефон/факс гостиницы: +380 (532) 57-97-37.</p>\r\n<p>Телефон ресторана и бара: +380 (532) 57-97-87.</p>\r\n<p>E-mail:&nbsp;<a href=\"mailto:info@alleya-grand.com.ua\">info@alleya-grand.com.ua</a>.</p>\r\n<h4>Карта проезда</h4>\r\n<p>&nbsp;</p>\r\n<h2>Ресторанный комплекс \"Каштанова алея\"</h2>\r\n<p>Украина, 36000, г. Полтава, ул. Октябрьская, 58a.</p>\r\n<p>Телефон/факс: +380 (532) 50-04-57/56-21-12.</p>\r\n<p>E-mail:&nbsp;<a href=\"mailto:info@alleya-grand.com.ua\">info@alleya.com.ua</a>.</p>\r\n<h4>Карта проезда</h4>\r\n<p>&nbsp;</p>\r\n<h2>Ресторан \"Казачка\"&nbsp;</h2>\r\n<p>Украина, 36000, г. Полтава, ул. Ленина, 34а.</p>\r\n<p>Телефон: +380 (532) 56-95-36.</p>\r\n<h4>Карта проезда</h4>\r\n<h2>Ресторан-бар \"Посейдон\"</h2>\r\n<p>Украина, 36000, г. Полтава, ул. 23 Сентября, 19.</p>\r\n<p>Телефон: +380 (532) 63-50-42.</p>\r\n<h4>Карта проезда&nbsp;</h4>\r\n<p>&nbsp;</p>\r\n<p>Украина, 36000, г. Полтава, ул. Освитянская, 6.</p>\r\n<p>Телефон: +380 (532) 58-08-50.</p>\r\n<h4>Карта проезда</h4>\r\n<h2>Кафе-бар &laquo;Европа&raquo;</h2>\r\n<p>Украина, 36000, г. Полтава, площадь Независимости, 5б.</p>\r\n<p>Телефон: +380 (532) 58-82-22.</p>\r\n<h4>Карта проезда&nbsp;</h4>\r\n<p>&nbsp;</p>\r\n<h2>СПА-салон &laquo;Лотос&raquo;</h2>\r\n<p>Украина, 36000, г. Полтава, ул. Освитянская, 6.</p>\r\n<p>Телефон: +380 (532) 58-08-50.</p>\r\n<h4>Карта проезда</h4>\r\n<h4></h4>\r\n<h2>Кафе-бар \"Бочка\"&nbsp;</h2>\r\n<p>Украина, 36000, г. Полтава, ул. Освитянская, 6.</p>\r\n<p>Телефон: +380 (532) 58-82-22.</p>\r\n<h4>Карта проезда</h4>','contacts','','',''),(5,'Главная','<p>43124124521432142412</p>','index','','','');

/*!40101 SET SQL_MODE=@OLD_SQL_MODE */;
/*!40014 SET FOREIGN_KEY_CHECKS=@OLD_FOREIGN_KEY_CHECKS */;
/*!40014 SET UNIQUE_CHECKS=@OLD_UNIQUE_CHECKS */;
/*!40111 SET SQL_NOTES=@OLD_SQL_NOTES */;
