/*
SQLyog Ultimate v8.71 
MySQL - 5.1.48-community : Database - sherwood
*********************************************************************
*/

/*!40101 SET NAMES utf8 */;

/*!40101 SET SQL_MODE=''*/;

/*!40014 SET @OLD_UNIQUE_CHECKS=@@UNIQUE_CHECKS, UNIQUE_CHECKS=0 */;
/*!40014 SET @OLD_FOREIGN_KEY_CHECKS=@@FOREIGN_KEY_CHECKS, FOREIGN_KEY_CHECKS=0 */;
/*!40101 SET @OLD_SQL_MODE=@@SQL_MODE, SQL_MODE='NO_AUTO_VALUE_ON_ZERO' */;
/*!40111 SET @OLD_SQL_NOTES=@@SQL_NOTES, SQL_NOTES=0 */;
/*Table structure for table `admins` */

DROP TABLE IF EXISTS `admins`;

CREATE TABLE `admins` (
  `id` int(11) unsigned NOT NULL AUTO_INCREMENT,
  `email` varchar(64) NOT NULL,
  `password` varchar(64) NOT NULL,
  PRIMARY KEY (`id`)
) ENGINE=InnoDB AUTO_INCREMENT=3 DEFAULT CHARSET=utf8;

/*Data for the table `admins` */

insert  into `admins`(`id`,`email`,`password`) values (1,'test@dev.com','test'),(2,'admin','admin');

/*Table structure for table `comments` */

DROP TABLE IF EXISTS `comments`;

CREATE TABLE `comments` (
  `id` int(11) unsigned NOT NULL AUTO_INCREMENT,
  `parent_id` int(11) NOT NULL,
  `name` varchar(255) NOT NULL,
  `email` varchar(255) NOT NULL,
  `message` text NOT NULL,
  `created_ts` int(11) DEFAULT NULL,
  `moderated` tinyint(1) DEFAULT '0',
  PRIMARY KEY (`id`)
) ENGINE=InnoDB AUTO_INCREMENT=23 DEFAULT CHARSET=utf8;

/*Data for the table `comments` */

insert  into `comments`(`id`,`parent_id`,`name`,`email`,`message`,`created_ts`,`moderated`) values (1,0,'Pavel','pavel_lagoda@ukr.net','vxvxcv',1369481492,0),(2,1,'Pavel','pavel_lagoda@ukr.net','sdsadsad\r\n',1369481492,0),(3,1,'Pavel','pavel_lagoda@ukr.net','sdsadsad\r\n',1369481492,0),(4,1,'Pavel','pavel_lagoda@ukr.net','sdsadsad\r\n',1369481492,0),(5,1,'Pavel','pavel_lagoda@ukr.net','sdsadsad\r\n',1369481492,0),(6,1,'Pavel','pavel_lagoda@ukr.net','sdsadsad\r\n',1369481492,0),(7,1,'Pavel','pavel_lagoda@ukr.net','sdsadsad\r\n',1369481492,0),(8,1,'Pavel','pavel_lagoda@ukr.net','sdsadsad\r\n',1369481492,0),(9,1,'Pavel','pavel_lagoda@ukr.net','sdsadsad\r\n',1369481492,0),(10,2,'Pavel','pavel_lagoda@ukr.net','sdsadsad\r\n',1369481492,0),(11,2,'Pavel','pavel_lagoda@ukr.net','sdsadsad\r\n',1369481492,0),(12,2,'Pavel','pavel_lagoda@ukr.net','sdsadsad\r\n',1369481492,0),(13,2,'Pavel','pavel_lagoda@ukr.net','sdsadsad\r\n',1369481492,0),(14,2,'Pavel','pavel_lagoda@ukr.net','sdsadsad\r\n',1369481492,0),(15,10,'Pavel','pavel_lagoda@ukr.net','sdsadsad\r\n',1369481492,0),(16,10,'Pavel','pavel_lagoda@ukr.net','sdsadsad\r\n',1369481492,0),(17,10,'Pavel','pavel_lagoda@ukr.net','sdsadsad\r\n',1369481492,0),(18,0,'Pavel','pavel_lagoda@ukr.net','sdsadsad\r\n',1369481492,0),(19,0,'Pavel','pavel_lagoda@ukr.net','sdsadsad\r\n',1369481492,0),(20,0,'Pavel','pavel_lagoda@ukr.net','sdsadsad\r\n',1369481492,0),(21,0,'Pavel','pavel_lagoda@ukr.net','sdsadsad\r\n',1369481492,0),(22,0,'Pavel','pavel_lagoda@ukr.net','sdsadsad\r\n',1369481492,0);

/*Table structure for table `info_blocks` */

DROP TABLE IF EXISTS `info_blocks`;

CREATE TABLE `info_blocks` (
  `id` int(11) unsigned NOT NULL AUTO_INCREMENT,
  `text_ru` text,
  `text_en` text,
  `text_ua` text,
  `background_extention` varchar(8) DEFAULT NULL,
  `status` enum('active','disabled') DEFAULT 'active',
  PRIMARY KEY (`id`)
) ENGINE=MyISAM AUTO_INCREMENT=7 DEFAULT CHARSET=utf8;

/*Data for the table `info_blocks` */

insert  into `info_blocks`(`id`,`text_ru`,`text_en`,`text_ua`,`background_extention`,`status`) values (4,'<p style=\"text-align: center;\"><span style=\"font-family: &quot;impact&quot;, &quot;chicago&quot;; font-size: large;\"><span style=\"color: #000000;\">+380 (532) 56-21-12</span></span><br /><br /><strong><em><span style=\"font-family: &quot;georgia&quot;, &quot;palatino&quot;;\"><span style=\"color: #000000;\">Наш контактный телефон</span></span></em></strong><br /><strong><em></em></strong></p>','<p style=\"text-align: center;\"><span style=\"font-family: &quot;impact&quot;, &quot;chicago&quot;; font-size: large;\"><span style=\"color: #000000;\">+380 (532) 56-21-12</span><span style=\"color: #000000;\"> </span></span><span style=\"font-family: &quot;impact&quot;, &quot;chicago&quot;; font-size: large;\"><span style=\"color: #000000;\">&nbsp;</span></span></p>\r\n<address style=\"text-align: center;\"><br /></address><address style=\"text-align: center;\"><em><strong><span style=\"color: #000000; font-size: xx-small;\">Our contact phone</span></strong></em><em><strong></strong></em></address>','<p style=\"text-align: center;\"><span style=\"font-family: &quot;impact&quot;, &quot;chicago&quot;; font-size: large;\"><span style=\"color: #000000;\">+380 (532) 56-21-12</span></span></p>\r\n<address style=\"text-align: center;\"><strong><span style=\"color: #000000; font-size: xx-small;\">&nbsp;</span></strong><span style=\"font-family: &quot;georgia&quot;, &quot;palatino&quot;;\"><strong></strong></span></address><address style=\"text-align: center;\"><span style=\"font-family: &quot;georgia&quot;, &quot;palatino&quot;;\"><strong><span style=\"color: #000000;\">Наш контактний телефон</span></strong></span><br /></address>','png','active'),(5,'<!-- ukrbanks.info: NbuInformer Begin -->\r\n<p><img style=\"display: block; margin-left: auto; margin-right: auto;\" src=\"http://www.ukrbanks.info/static/informer/advanced/composite.png\" border=\"0\" alt=\"Курсы валют в Украине\" width=\"168\" height=\"84\" /></p>\r\n<!-- ukrbanks.info: NbuInformer End -->','<!-- ukrbanks.info: AdvancedInformer Begin -->\r\n<p><a href=\"http://www.ukrbanks.info\" target=\"_top\"><img style=\"display: block; margin-left: auto; margin-right: auto;\" src=\"http://www.ukrbanks.info/static/informer/advanced/composite.png\" border=\"0\" alt=\"Курсы валют в Украине\" width=\"168\" height=\"84\" /></a></p>\r\n<!-- ukrbanks.info: AdvancedInformer End -->','<!-- ukrbanks.info: AdvancedInformer Begin -->\r\n<p><a href=\"http://www.ukrbanks.info\" target=\"_top\"><img style=\"display: block; margin-left: auto; margin-right: auto;\" src=\"http://www.ukrbanks.info/static/informer/advanced/composite.png\" border=\"0\" alt=\"Курсы валют в Украине\" width=\"168\" height=\"84\" /></a></p>\r\n<!-- ukrbanks.info: AdvancedInformer End -->','png','active'),(6,'<!-- bigmir)net weather informer: ukraina, poltava, 240x105, blue, ru -->\r\n<p><a title=\"Прогноз погоды в Полтаве &raquo; Украина\" onclick=\"javascript:this.href+=\'?informer=1\'\" href=\"http://weather.bigmir.net/main/poltava/8979/\" target=\"_blank\"><img style=\"display: block; margin-left: auto; margin-right: auto;\" title=\"Погода в Полтаве &raquo; Украина\" src=\"http://bmu.img.com.ua/informer/weather/ru/240x105/blue/ukraina/poltava.png\" border=\"0\" alt=\"Погода Полтаве &raquo; Украина\" width=\"168\" height=\"74\" /></a></p>\r\n<!-- END bigmir)net weather informer -->','<script type=\"text/javascript\">// <![CDATA[\r\nfunction siClickCount(){var siCount=document.createElement(\'script\');siCount.setAttribute(\'type\',\'text/javascript\');siCount.setAttribute(\'src\',\'http://informers.sinoptik.ua/counter.php?lang=ru&rnd=\'+new Date().valueOf());document.getElementsByTagName(\'head\')[0].appendChild(siCount);}\r\n// ]]></script>\r\n<p><img style=\"display: block; margin-left: auto; margin-right: auto;\" title=\"Погода в Полтаве &raquo; Украина\" src=\"http://bmu.img.com.ua/informer/weather/ru/240x105/blue/ukraina/poltava.png\" border=\"0\" alt=\"Погода Полтаве &raquo; Украина\" width=\"168\" height=\"74\" /></p>','<script type=\"text/javascript\">// <![CDATA[\r\nfunction siClickCount(){var siCount=document.createElement(\'script\');siCount.setAttribute(\'type\',\'text/javascript\');siCount.setAttribute(\'src\',\'http://informers.sinoptik.ua/counter.php?lang=ru&rnd=\'+new Date().valueOf());document.getElementsByTagName(\'head\')[0].appendChild(siCount);}\r\n// ]]></script>\r\n<p><img style=\"display: block; margin-left: auto; margin-right: auto;\" title=\"Погода в Полтаве &raquo; Украина\" src=\"http://bmu.img.com.ua/informer/weather/ru/240x105/blue/ukraina/poltava.png\" border=\"0\" alt=\"Погода Полтаве &raquo; Украина\" width=\"168\" height=\"74\" /></p>','png','active');

/*Table structure for table `news` */

DROP TABLE IF EXISTS `news`;

CREATE TABLE `news` (
  `id` int(11) unsigned NOT NULL AUTO_INCREMENT,
  `title_ru` varchar(255) NOT NULL,
  `title_en` varchar(255) NOT NULL,
  `title_ua` varchar(255) NOT NULL,
  `short_ru` text,
  `short_en` text,
  `short_ua` text,
  `full_ru` longtext,
  `full_en` longtext,
  `full_ua` longtext,
  `created_ts` timestamp NOT NULL DEFAULT CURRENT_TIMESTAMP,
  `views_count` int(11) DEFAULT '0',
  `seo_url_ru` varchar(255) NOT NULL,
  `seo_url_en` varchar(255) NOT NULL,
  `seo_url_ua` varchar(255) NOT NULL,
  PRIMARY KEY (`id`)
) ENGINE=InnoDB AUTO_INCREMENT=11 DEFAULT CHARSET=utf8;

/*Data for the table `news` */

insert  into `news`(`id`,`title_ru`,`title_en`,`title_ua`,`short_ru`,`short_en`,`short_ua`,`full_ru`,`full_en`,`full_ua`,`created_ts`,`views_count`,`seo_url_ru`,`seo_url_en`,`seo_url_ua`) values (7,'Пасха','Easter','Великдень','<p>Пасхальная выставка-продажа</p>','<p>Easter exhibition and sale</p>','<p>Великодня виставка-продаж</p>','<p>Корпорация \"Аллея смаку\" представляет выставку-продажу посвященную празднику Пасхи.</p>\r\n<p><img style=\"display: block; margin-left: auto; margin-right: auto;\" title=\"Пасха\" src=\"../../../../userfiles/news/news3.png\" alt=\"1\" width=\"512\" height=\"299\" /></p>','<p>Corporation \"Alley Relish\" is dedicated to the exhibition and sale of Easter.</p>\r\n<p><img style=\"display: block; margin-left: auto; margin-right: auto;\" title=\"Easter\" src=\"../../../../userfiles/news/news3.png\" alt=\"1\" width=\"512\" height=\"299\" /></p>','<p>Корпорація \"Алея смаку\" представляє виставку-продаж присвячену святу Великодня.</p>\r\n<p><img style=\"display: block; margin-left: auto; margin-right: auto;\" title=\"Пасха\" src=\"../../../../userfiles/news/news3.png\" alt=\"1\" width=\"512\" height=\"299\" /></p>','2012-04-15 18:20:56',0,'pasha','easter','velikden'),(8,'8 марта','March 8','8 березня','<p>Праздник&nbsp;8 марта в сети заведений \"Аллея смаку\"</p>','<p>March 8 in the network institutions \"Alley savor\"</p>','<p>Свято 8 березня в мережі закладів \"Алея смаку\"</p>','<p>Праздник&nbsp;8 марта в сети заведений \"Аллея смаку\"</p>\r\n<p><img style=\"display: block; margin-left: auto; margin-right: auto;\" title=\"8 марта\" src=\"../../../../userfiles/news/news2.png\" alt=\"1\" width=\"512\" height=\"715\" /></p>','<p>March 8 in the network institutions \"Alley savor\"</p>\r\n<p><img style=\"display: block; margin-left: auto; margin-right: auto;\" title=\"8 марта\" src=\"../../../../userfiles/news/news2.png\" alt=\"1\" width=\"512\" height=\"715\" /></p>','<p>Свято 8 березня в мережі закладів \"Алея смаку\"</p>\r\n<p><img style=\"display: block; margin-left: auto; margin-right: auto;\" title=\"8 марта\" src=\"../../../../userfiles/news/news2.png\" alt=\"1\" width=\"512\" height=\"715\" /></p>','2012-03-08 11:44:20',NULL,'8-marta','march-8','8-bereznya'),(9,'Квас','Kvass','Квас','<p>Квас - лучший летний напиток</p>','<p>Kvass - the best summer drink</p>','<p>Квас - кращий літній напій</p>','<p>Наши предки не мыслили жизни без кваса. Он ежедневно присутствовал на столе в любом доме, его пили и стар, и млад, и крестьянин, и князь. Рестораный комплек \"Каштановая аллея\" предлагает новинку лета - квас медово-лимонный.</p>\r\n<p><img style=\"display: block; margin-left: auto; margin-right: auto;\" title=\"Квас медово-лимонный\" src=\"../../../../userfiles/news/news.png\" alt=\"1\" width=\"512\" height=\"299\" /></p>','<p><img style=\"display: block; margin-left: auto; margin-right: auto;\" title=\"Квас медово-лимонный\" src=\"../../../../userfiles/news/news.png\" alt=\"1\" width=\"512\" height=\"299\" /></p>\r\n<p>Our ancestors did not mыslyly life without kvass. He was attended Daily on the table in lyubom house, his drinking and old, and Mlada, and peasant, and Prince. Restoranыy complex \"Kashtanovaya Alley\" proposes a novelty summer - brew honey lymonnыy.</p>','<p>Наші предки не мислили життя без квасу. Він щодня був присутній на столі в будь-якому будинку, його пили і старий, і малий, і селянин, і князь. Ресторанів комплек \"Каштанова алея\" пропонує новинку літа - квас медово лимонний.</p>\r\n<p><img style=\"display: block; margin-left: auto; margin-right: auto;\" title=\"Квас медово-лимонный\" src=\"../../../../userfiles/news/news.png\" alt=\"1\" width=\"512\" height=\"299\" /></p>','2012-06-29 17:34:55',NULL,'kvas','kvass','kvas'),(10,'Божоле нуво','Beaujolais nouveau','Божоле нуво','<p style=\"text-align: left;\">Праздник Божоле нуво в сети заведений \"Аллея смаку\"</p>','<p style=\"text-align: justify;\">Beaujolais Nouveau celebration</p>','<p style=\"text-align: justify;\">Свято Божоле нуво в мережі закладів \"Алея смаку\"</p>','<p style=\"text-align: justify;\">&nbsp; Традиция празднования Божоле нуво возникла в 19 веке у виноградарей региона Божоле. Их вино созревало раньше всех, сбор винограда начинался раньше, чем в других местах, а ферментация вина проходило во время его транспортировки баржами по реке Соне или повозками в предместья Лиона. Именно благодаря краткому сроку созревания Божоле оно сохраняет легкость и запах, который разнится год от года, в зависимости от урожая и погодных условий.</p>\r\n<p style=\"text-align: justify;\">&nbsp; Как обычно, в третий четверг ноября, ровно в полночь, на французскую землю приходит праздник &laquo;Нового божоле&raquo;. В деревянную бочку с вином вставляют специальный кран и любители приступают к дегустации.</p>\r\n<p><img style=\"display: block; margin-left: auto; margin-right: auto;\" title=\"Божоле нуво\" src=\"../../../../userfiles/news/news4.png\" alt=\"Beaujolais\" width=\"512\" height=\"715\" /></p>\r\n<p>&nbsp;</p>\r\n<p>&nbsp;</p>','<p style=\"text-align: justify;\">&nbsp; The tradition of celebrating Beaujolais Nouveau emerged in the 19th century, the vineyards of Beaujolais region. Their wine is matured earliest, vintage began earlier than in other places, and wine fermentation took place during transportation by barge on the river Sone or carts in the suburbs of Lyon. It is thanks to the short term maturity of Beaujolais, it retains the ease and smell, which varies from year to year, depending on the crop and weather conditions.</p>\r\n<p style=\"text-align: justify;\">&nbsp; As usual, on the third Thursday of November, at midnight, on French soil coming holiday \"New Beaujolais.\" In wooden barrels of wine put in a special crane and fans start to the tasting.</p>\r\n<p><img style=\"display: block; margin-left: auto; margin-right: auto;\" title=\"Beaujolais nouveau\" src=\"../../../../userfiles/news/news4.png\" alt=\"Beaujolais\" width=\"512\" height=\"715\" /></p>\r\n<p>&nbsp;</p>\r\n<p>&nbsp;</p>','<p style=\"text-align: justify;\">&nbsp; Традиція святкування Божоле нуво виникла в 19 столітті у виноградарів регіону Божоле. Їх вино дозрівало раніше за всіх, збір винограду починався раніше, ніж в інших місцях, а ферментація вина проходила під час його транспортування баржами по річці Соні або візками в передмістя Ліона. Саме завдяки короткому терміну дозрівання Божоле воно зберігає легкість і запах, який відрізняється рік від року, в залежності від урожаю та погодних умов.</p>\r\n<p style=\"text-align: justify;\">&nbsp; Завжди, у третій четвер листопада, рівно опівночі, на французьку землю приходить свято &laquo;Нового божоле&raquo;. У дерев\'яну бочку з вином вставляють спеціальний кран і любителі починають дегустацію.</p>\r\n<p><img style=\"display: block; margin-left: auto; margin-right: auto;\" title=\"Божоле ново\" src=\"../../../../userfiles/news/news4.png\" alt=\"Beaujolais\" width=\"512\" height=\"715\" /></p>\r\n<p>&nbsp;</p>\r\n<p>&nbsp;</p>','2012-11-15 14:37:03',NULL,'bozhole-nuvo','beaujolais-nouveau','bozhole-nuvo');

/*Table structure for table `objects` */

DROP TABLE IF EXISTS `objects`;

CREATE TABLE `objects` (
  `id` int(11) unsigned NOT NULL AUTO_INCREMENT,
  `title_ru` varchar(255) NOT NULL,
  `title_en` varchar(255) DEFAULT NULL,
  `title_ua` varchar(255) DEFAULT NULL,
  `short_ru` text,
  `short_en` text,
  `short_ua` text,
  `full_ru` text,
  `full_en` text,
  `full_ua` text,
  `tour_link` varchar(255) DEFAULT NULL,
  `is_tour` tinyint(1) NOT NULL DEFAULT '0',
  `head_title` text,
  `head_description` text,
  `head_meta` text,
  `order` int(10) unsigned NOT NULL DEFAULT '1',
  PRIMARY KEY (`id`)
) ENGINE=InnoDB AUTO_INCREMENT=11 DEFAULT CHARSET=utf8;

/*Data for the table `objects` */

insert  into `objects`(`id`,`title_ru`,`title_en`,`title_ua`,`short_ru`,`short_en`,`short_ua`,`full_ru`,`full_en`,`full_ua`,`tour_link`,`is_tour`,`head_title`,`head_description`,`head_meta`,`order`) values (2,'Гостиница \"Алея Гранд\"','\"The Aleya Grand\" hotel','Готель \"Алея Гранд\"','<p style=\"text-align: justify;\">&nbsp; &nbsp;Гостиница Полтавы &laquo;Алея Гранд&raquo; расположена недалеко от центра города, рядом с основными деловыми, культурно-историческими, развлекательными и спортивными сооружениями. В нескольких минутах ходьбы от нашей гостиницы в Полтаве находится Корпусный парк &mdash; место отдыха полтавчан и гостей города.</p>','<p>Hotel Poltava \"Aleya Grand\" is located near the city center, close to the main business, cultural, historical, recreational and sports facilities. A short walk from our hotel in Poltava is Hull Park - a place of rest Poltava and visitors.</p>','<p>Готель Полтави &laquo;Алея Гранд&raquo; розташований недалеко від центру міста, поруч з основними діловими, культурно-історичними, розважальними та спортивними спорудами. У декількох хвилинах ходьби від нашого готелю в Полтаві знаходиться Корпусний парк - місце відпочинку полтавців та гостей міста.</p>','<p style=\"text-align: justify;\">&nbsp; Если Вы ищите в Полтаве комфортабельную гостиницу, где Вам предложат безупречный сервис, бутик-отель <strong>&laquo;Алея Гранд&raquo;</strong> - именно то, что нужно. Отель предлагает своим гостям 21 комфортабельный номер 5 различных категорий, отличающихся изысканным дизайном и стильной обстановкой. <strong>&laquo;Алея Гранд&raquo;</strong> расположена на центральной улице города, что идеально для проживания в Полтаве как во время деловой поездки, так и для проведения досуга.<br />&nbsp; Для проведения конференций, мероприятий предлагаем Вам комфортабельный конференц-зал на 35 посадочных мест.<br />&nbsp; Уникальный ресторан&nbsp;<strong>&laquo;Раффинато&raquo;</strong> - предлагает  разнообразие европейской кухни.  Роскошная атмосфера ресторана поможет Вам приятно провести время, обсудить деловые вопросы с партнерами, отпраздновать день рождения. <br />&nbsp; &nbsp;В любое время дня и ночи Вы можете стать гостями <strong>&laquo;Нега бара&raquo;</strong>. Разнообразные напитки, оригинальное меню, удобные диваны &ndash; все это для отличного отдыха на любой вкус.<br />&nbsp; <span style=\"text-decoration: underline;\">В каждом номере:</span><br />&nbsp; &nbsp; &nbsp;- высокоскоросной Wi-Fi и проводной Интернет<br />&nbsp; &nbsp; &nbsp;- климат контроль<br />&nbsp; &nbsp; &nbsp;-	подогрев полов в санузлах<br />&nbsp; &nbsp; &nbsp;-	свето- и звукоизоляция;<br />&nbsp; &nbsp; &nbsp;-	анти-аллергенное  бельё и ковровое покрытие<br />&nbsp; &nbsp; &nbsp;-	мини-бар<br />&nbsp; &nbsp; &nbsp;-	интерактивное TB<br />&nbsp; &nbsp; &nbsp;-	прямая телефонная линия<br />&nbsp; &nbsp; &nbsp;-	сейф<br />&nbsp; &nbsp; &nbsp;-	электронные часы с приемником<br />&nbsp; &nbsp; &nbsp;-	электрический чайник<br />&nbsp; &nbsp; &nbsp;-	сервиз для приготовления чая и кофе<br />&nbsp; &nbsp; &nbsp;-	фен<br />&nbsp; &nbsp; &nbsp;-	мини парфюмериея<br />&nbsp; &nbsp; &nbsp;-	шторы black-out<br />&nbsp; &nbsp; &nbsp;-	тапочки<br />&nbsp; &nbsp; &nbsp;-	халаты<br /><span style=\"text-decoration: underline;\">Номера люкс дополнительно оснащены:</span><br />&nbsp; &nbsp; &nbsp;-	телефонным апаратом в санузле<br />&nbsp; &nbsp; &nbsp;-	кофемашинами<br /><span style=\"text-decoration: underline;\">Для каждого гостя:</span><br />&nbsp; &nbsp; &nbsp;-	обслуживание в номерах<br />&nbsp; &nbsp; &nbsp;-	конференц-обслуживание<br />&nbsp; &nbsp; &nbsp;-	услуги бизнес центра<br />&nbsp; &nbsp; &nbsp;-	ресторанное обслуживание<br />&nbsp; &nbsp; &nbsp;-	круглосуточный бар&nbsp;<br />&nbsp; &nbsp; &nbsp;-	круглосуточная парковка<br />&nbsp; &nbsp; &nbsp;-	бронирование авиабилетов<br />&nbsp; &nbsp; &nbsp;-	экскурсионное обслуживание<br />&nbsp; &nbsp; &nbsp;-	услуги прачечной<br />&nbsp; &nbsp; &nbsp;-	номера для молодоженов<br /><span style=\"text-decoration: underline;\">Для гостей с детьми:</span><br />&nbsp; &nbsp; &nbsp;-	предоставление детской кроватки и стульчика</p>\r\n<p style=\"text-align: center;\">&nbsp;</p>\r\n<p style=\"text-align: center;\">Наш телефон: +380 (532) 57-97-37.<br /><br />Ждем Вас по адресу: г. Полтава, ул. Октябрьская, 57.<br /><br /><a href=\"../../../../contacts#ag\">Карта проезда</a></p>\r\n<p style=\"text-align: center;\">Сайт гостиницы: <a href=\"http://alleya-grand.com.ua/\">alleya-grand.com.ua</a></p>','<p style=\"text-align: justify;\">&nbsp; If you are looking for a comfortable hotel in Poltava where you can get excellent service <strong>\"The Aleya Grand\"</strong> boutique-hotel is exactly what you need. The hotel offers 21 comfortable rooms of 5 different categories showing elegant design and stylish furnishings. <strong>\"The Aleya Grand\"</strong> is located in the main street of the city that is ideal for a stay in Poltava either during a business trip, or for having a leisure time.<br />&nbsp; For conferences and business events you are kindly offered a comfortable conference room for 35 seats.<br /><strong>&nbsp; \"The Raffinato\"</strong> unique restaurant offers a variety of European dishes. Luxurious atmosphere of the restaurant will help you enjoy your time, discuss business issues with partners, or celebrate a birthday.<br />&nbsp; At any time of the day or night you can be a guest of <strong>\"The Nega\"</strong> bar.  A variety of drinks, the original menu, comfortable coaches - all that is for a great leisure fit for every taste.<br />&nbsp; <span style=\"text-decoration: underline;\">Each room has:</span><br />&nbsp; &nbsp; &nbsp;- high-speed Wi-Fi and wire-line Internet<br />&nbsp; &nbsp; &nbsp;- climate control<br />&nbsp; &nbsp; &nbsp;- floor heating in bathrooms<br />&nbsp; &nbsp; &nbsp;- light-and sound insulation;<br />&nbsp; &nbsp; &nbsp;- anti-allergenic linens and carpeting<br />&nbsp; &nbsp; &nbsp;- mini-bar<br />&nbsp; &nbsp; &nbsp;- interactive TV<br />&nbsp; &nbsp; &nbsp;- direct phone line<br />&nbsp; &nbsp; &nbsp;- safe deposit box<br />&nbsp; &nbsp; &nbsp;- electronic clock with a radio<br />&nbsp; &nbsp; &nbsp;- electric kettle<br />&nbsp; &nbsp; &nbsp;- tea- and coffee set<br />&nbsp; &nbsp; &nbsp;- hairdryer<br />&nbsp; &nbsp; &nbsp;- perfumery mini set<br />&nbsp; &nbsp; &nbsp;- black-out curtains<br />&nbsp; &nbsp; &nbsp;- slippers<br />&nbsp; &nbsp; &nbsp;- gowns<br /><span style=\"text-decoration: underline;\">Deluxe rooms are also equipped with:</span><br />&nbsp; &nbsp; &nbsp;- telephone in the bathroom&nbsp;<br />&nbsp; &nbsp; &nbsp;- coffee making facilities<br /><span style=\"text-decoration: underline;\">For each guest:</span><br />&nbsp; &nbsp; &nbsp;- room service<br />&nbsp; &nbsp; &nbsp;- conference service<br />&nbsp; &nbsp; &nbsp;- business center services<br />&nbsp; &nbsp; &nbsp;- catering<br />&nbsp; &nbsp; &nbsp;- 24/7 bar<br />&nbsp; &nbsp; &nbsp;- 24/7  parking<br />&nbsp; &nbsp; &nbsp;- flight reservations<br />&nbsp; &nbsp; &nbsp;- excursions<br />&nbsp; &nbsp; &nbsp;- laundry<br />&nbsp; &nbsp; &nbsp;- Honeymoon Rooms<br /><span style=\"text-decoration: underline;\">For guests with children:</span><br />&nbsp; &nbsp; &nbsp;- a cot and highchair</p>\r\n<p style=\"text-align: center;\">Our phone: +380 (532) 57-97-37.<br /><br />We look forward to seeing you at 57 Oktyabrska st, Poltava.</p>\r\n<p style=\"text-align: center;\"><a href=\"../../../../contacts#ag\">Location map</a></p>\r\n<p style=\"text-align: center;\">Hotel site:&nbsp;<a href=\"http://alleya-grand.com.ua/\">alleya-grand.com.ua</a></p>','<p style=\"text-align: justify;\">&nbsp; Якщо Ви шукаєте в Полтаві комфортабельний готель, де Вам запропонують бездоганний сервіс, бутік-готель <strong>&laquo;Алея Гранд&raquo;</strong> - саме те, що потрібно. Готель пропонує своїм гостям 21 комфортабельний номер 5 різних категорій, що відрізняються вишуканим дизайном і стильною обстановкою. Готель <strong>&laquo;Алея Гранд&raquo;</strong> розташований на центральній вулиці міста, що ідеально для проживання в Полтаві, як під час ділової поїздки, так і для проведення дозвілля.&nbsp;<br />&nbsp; Для проведення конференцій та інших заходів пропонуємо Вам комфортабельний конференц-зал на 35 посадочних місць.&nbsp;<br />&nbsp; Унікальний ресторан <strong>&laquo;Раффінато&raquo;</strong> пропонує різноманітну європейську кухню. Розкішна атмосфера ресторану допоможе Вам приємно провести час, обговорити ділові питання з партнерами, відсвяткувати день народження.<br />&nbsp; В будь-який час дня і ночі Ви можете стати гостями <strong>&laquo;Нега бару&raquo;</strong>. Різноманітні напої, оригінальне меню, зручні дивани - все це для відмінного відпочинку на будь-який смак. &nbsp;<br />&nbsp; <span style=\"text-decoration: underline;\">В кожному номері:</span><br /> &nbsp; &nbsp; &nbsp;- високошвидкісний Wi-Fi і дротовий Інтернет<br /> &nbsp; &nbsp; &nbsp;- клімат контроль<br /> &nbsp; &nbsp; &nbsp;- підігрів підлоги в санвузлах<br /> &nbsp; &nbsp; &nbsp;- світло- і звукоізоляція<br /> &nbsp; &nbsp; &nbsp;- анти-алергенна білизна та килимове покриття<br /> &nbsp; &nbsp; &nbsp;- міні-бар<br /> &nbsp; &nbsp; &nbsp;- інтерактивне TB<br /> &nbsp; &nbsp; &nbsp;- пряма телефонна лінія<br /> &nbsp; &nbsp; &nbsp;- сейф<br /> &nbsp; &nbsp; &nbsp;- електронний годинник з приймачем<br /> &nbsp; &nbsp; &nbsp;- електричний чайник<br /> &nbsp; &nbsp; &nbsp;- сервіз для приготування чаю та кави<br /> &nbsp; &nbsp; &nbsp;- фен<br /> &nbsp; &nbsp; &nbsp;- міні парфумерія<br /> &nbsp; &nbsp; &nbsp;- штори black-out<br /> &nbsp; &nbsp; &nbsp;- тапочки<br /> &nbsp; &nbsp; &nbsp;- халати<br />&nbsp; <span style=\"text-decoration: underline;\">Номери люкс додатково оснащені:</span><br /> &nbsp; &nbsp; &nbsp;- телефонним апаратом у санвузлі<br /> &nbsp; &nbsp; &nbsp;- кава-машинами<br />&nbsp; <span style=\"text-decoration: underline;\">Для кожного гостя:</span><br /> &nbsp; &nbsp; &nbsp;- обслуговування в номерах<br /> &nbsp; &nbsp; &nbsp;- конференц-обслуговування<br /> &nbsp; &nbsp; &nbsp;- послуги бізнес центру<br /> &nbsp; &nbsp; &nbsp;- ресторанне обслуговування<br /> &nbsp; &nbsp; &nbsp;- цілодобовий бар<br /> &nbsp; &nbsp; &nbsp;- цілодобова парковка<br /> &nbsp; &nbsp; &nbsp;- бронювання авіаквитків<br /> &nbsp; &nbsp; &nbsp;- екскурсійне обслуговування<br /> &nbsp; &nbsp; &nbsp;- послуги пральні<br /> &nbsp; &nbsp; &nbsp;- номери для молодят<br />&nbsp; <span style=\"text-decoration: underline;\">Для гостей з дітьми:</span><br /> &nbsp; &nbsp; &nbsp;- надання дитячого ліжечка і стільчика</p>\r\n<p style=\"text-align: center;\">Наш телефон: +380 (532) 57-97-37.</p>\r\n<p style=\"text-align: center;\">Чекаємо Вас за адресою: м. Полтава, вул. Жовтнева, 57.</p>\r\n<p style=\"text-align: center;\"><a href=\"../../../../contacts#ag\">Карта проезда</a></p>\r\n<p style=\"text-align: center;\">Сайт готелю: <a href=\"http://alleya-grand.com.ua/\">alleya-grand.com.ua</a></p>','gostinica-aleya-grand',0,'','','',40),(3,'Ресторанный комплекс \"Каштанова алея\"','\"The Kashtanova Aleya\" restaurant complex','Ресторанний комплекс \"Каштанова алея\"','<p style=\"text-align: justify;\">&nbsp; &nbsp;Приглашаем Вас посетить ресторанный комплекс &laquo;Каштанова алея&raquo;, который удовлетворит вкус самых требовательных гостей.</p>','<p>We invite you to visit the restaurant complex \"Kashtanova alley\", which can satisfy the most demanding guests.</p>','<p>Запрошуємо Вас відвідати ресторанний комплекс &laquo;Каштанова алея&raquo;, який задовольнить смак самих вимогливих гостей.</p>','<p style=\"text-align: justify;\">&nbsp; Ресторанный комплекс <strong>&laquo;Каштановая аллея&raquo;</strong> расположен в самом центре города Полтавы.&nbsp;<br />&nbsp; Повара удивят Вас замечательными блюдами Европейской, Французской и Украинской кухни. Почитателей элитных напитков приятно порадует Карта Вин нашего ресторана. В ней Вы найдете вина лучших производителей Франции, Италии, Испании и других стран мира.<br />&nbsp; Уютный зал ресторана на 70-80 посадочных мест прекрасно подойдет для романтического ужина или деловой встречи, детского праздника, свадьбы или юбилея. При желании можно отметить торжество за пределами ресторана &ndash; предоставляются услуги кейтеринга.<br />&nbsp; Также вас ждут оригинальный ПАБ с вращающейся барной стойкой, а для любителей свежего воздуха &ndash; две летние площадки. К Вашему вниманию бармены предоставят широкий выбор наилучших напитков и самых оригинальных коктейлей мира.&nbsp;<br />&nbsp; Отлаженная работа профессионального коллектива обслуживающего персонала создаст атмосферу гостеприимства, радушия, хорошего настроения и оставит незабываемые впечатления о нашем городе.</p>\r\n<p style=\"text-align: justify;\">&nbsp;</p>\r\n<p style=\"text-align: center;\">Рады видеть Вас каждый день с 12-00 до 23-00.</p>\r\n<p style=\"text-align: center;\">Наш телефон: +380 (532) 50-04-57.</p>\r\n<p style=\"text-align: center;\">Ждем Вас по адресу: г. Полтава, ул. Октябрьская, 58a.</p>\r\n<p style=\"text-align: center;\"><a href=\"../../../../contacts#rkka\">Карта проезда</a></p>','<p style=\"text-align: justify;\"><strong>&nbsp; \"The Kashtanova Aleya\"</strong> restaurant complex is located in the very heart of Poltava city.<br />&nbsp; &nbsp;The chefs will amaze you with wonderful dishes of European, French, and Ukrainian cuisines. Admirers of up-market drinks will be pleased with Wine List of our restaurant. There you will find wines from the best producers in France, Italy, Spain and other countries.<br />&nbsp; The cozy dining room for 70-80 seats is perfect for a romantic dinner, or a business meeting, a children\'s holiday, wedding reception, or anniversary celebration. You may want to celebrate the occasion outside the restaurant - catering services are available for you.<br />&nbsp; &nbsp;A fancy pub with a rotating bar counter is also waiting for you, and for fans of fresh air there are two summer terraces. Bartenders will provide you with an offer of wide selection of the best and most original drink cocktails in the world.<br />&nbsp; &nbsp;Well established function of our professional staff will create an atmosphere of warm hospitality and good humor and will give you unforgettable experience in our city.<br /><br /></p>\r\n<p style=\"text-align: center;\">We are glad to see you every day from 12-00 to 23-00.<br /><br />Our phone: +380 (532) 50-04-57.<br /><br />We look forward to seeing you at: 58a Oktyabrska st., Poltava<br /><br /><a href=\"../../../../contacts#rkka\">Location map</a><br /><br /></p>','<p style=\"text-align: justify;\">&nbsp; Ресторанний комплекс <strong>&laquo;Каштанова алея&raquo;</strong> розташований в самому центрі міста Полтави.  <br />&nbsp; Кухарі здивують Вас чудовими стравами європейської, французької та української кухні.&nbsp;<br />Шанувальників елітних напоїв приємно порадує Карта Вин нашого ресторану. У ній Ви знайдете вина кращих виробників Франції, Італії, Іспанії та інших країн світу.&nbsp;<br />&nbsp; Затишний зал ресторану на 70-80 посадочних місць чудово підійде для романтичної вечері або ділової зустрічі, дитячого свята, весілля або ювілею. При бажанні можна відзначити свято за межами ресторану - надаються послуги кейтерінгу. &nbsp;<br />&nbsp; Також вас чекають оригінальний ПАБ з обертовою барною стійкою, а для любителів свіжого повітря - два літні майданчики. До Вашої уваги бармени нададуть широкий вибір найкращих напоїв і найоригінальніших коктейлів світу. &nbsp;<br />&nbsp; Налагоджена робота професійного колективу обслуговуючого персоналу створить атмосферу гостинності, привітності, гарного настрою і залишить незабутні враження про наше місто.</p>\r\n<p style=\"text-align: center;\">Раді бачити Вас щодня з 12-00 до 23-00.</p>\r\n<p style=\"text-align: center;\">Наш телефон: 380 (532) 50-04-57.</p>\r\n<p style=\"text-align: center;\">Чекаємо Вас за адресою: м. Полтава, вул. Жовтнева, 58a.</p>\r\n<p style=\"text-align: center;\">&nbsp;<a href=\"../../../../contacts#rkka\">Карта проїзду</a></p>','restorannyy-kompleks-kashtanova-aleya',1,'','','',10),(4,'Ресторан \"Казачка\"','\"The Kazachka\" restaurant','Ресторан \"Козачка\"','<p style=\"text-align: justify;\">&nbsp; &nbsp;Ресторан &laquo;Казачка&raquo; полностью сохраняет колорит украинских традиций.&nbsp; Только здесь вы сможете насладиться украинскими блюдами, приготовленными по старинным рецептам наших предков.&nbsp; Попробовать&nbsp; блюда, приготовленные в тандыре.</p>','<p style=\"text-align: justify;\">The restaurant \"Cossack woman\" fully preserves flavor Ukrainian traditions. Here you can enjoy the Ukrainian dishes prepared according to old recipes of our ancestors. Try dishes cooked in the tandoor.</p>','<p style=\"text-align: justify;\">Ресторан &laquo;Козачка&raquo; повністю зберігає колорит українських традицій. Тільки тут ви зможете насолодитися українськими стравами, приготованими за старовинними рецептами наших предків. Скуштувати страви, приготовані в тандирі.</p>','<p style=\"text-align: justify;\">&nbsp; Ресторан&nbsp;<strong>&laquo;Казачка&raquo;</strong> полностью сохраняет колорит украинских традиций.  Только здесь Вы сможете насладиться классическими украинскими блюдами, приготовленными по старинным рецептам наших предков.  Попробовать блюда, приготовленные в тандыре.<br />&nbsp; Зал ресторана на 100 посадочных мест, VIP-зал.<br />&nbsp; Также к Вашему вниманию представлены отдельные куреня, где Вы сможете  хорошо  провести время в узкой компании.&nbsp;<br />&nbsp; Для любителей пообедать на свежем воздухе  - уютная летняя площадка и 6 отдельных беседок.&nbsp;<br /><strong>&laquo;Казачка&raquo;</strong> - это идеальное место для проведения банкета, лучший ресторан для свадьбы. Здесь можно просто пообедать или хорошо провести вечер с друзьями.</p>\r\n<p style=\"text-align: center;\"><br />Работаем для Вас ежедневно с 12-00 до 23-00 часов.</p>\r\n<p style=\"text-align: center;\">Наш телефон: +380 (532) 56-95-36.</p>\r\n<p style=\"text-align: center;\">Ждем Вас по адресу: г. Полтава, ул. Ленина, 34а.</p>\r\n<p style=\"text-align: center;\"><a href=\"../../../../contacts#kazachka\">Карта проезда</a></p>','<p style=\"text-align: justify;\"><strong>&nbsp; \"The Kazachka\"</strong> Restaurant fully retains local color of the Ukrainian traditions. Only here you may enjoy classical Ukrainian dishes cooked by ancient recipes from our forefathers. Try the dishes cooked in tandoor.&nbsp;<br />&nbsp; The restaurant hall for 100 dining places, VIP hall.<br />&nbsp; Individual hovels are also introduced for your consideration to have a great time in a private group.<br />&nbsp; For outdoor diners &ndash; a cozy summer picnic area and 6 individual summerhouses.<br />&nbsp; <strong>\"The Kazachka\"</strong> is an ideal place for having a banquet and the best restaurant for a wedding reception. Here you may simply have lunch or enjoy an evening party with friends.&nbsp;<br /><br /></p>\r\n<p style=\"text-align: center;\">We work for you every day from 12-00 to 23-00.<br /><br />Our phone: +380 (532) 56-95-36.</p>\r\n<p style=\"text-align: center;\"><br />We look forward to seeing you at 34a Lenina st, Poltava, Ukraine.</p>\r\n<p style=\"text-align: center;\"><a href=\"../../../../contacts#kazachka\">Location map</a></p>','<p style=\"text-align: justify;\">&nbsp; Ресторан <strong>&laquo;Козачка&raquo;</strong> повністю зберігає колорит українських традицій. Тільки тут Ви зможете насолодитися класичними українськими стравами, приготованими за старовинними рецептами наших предків. Скуштувати страви, приготовані в тандирі.<br />&nbsp; Зал ресторану на 100 посадочних місць, VIP -зал.<br />&nbsp; Також до Вашої уваги представлені окремі курені, де Ви зможете добре провести час невеликою компанією.<br />&nbsp; Для любителів пообідати на свіжому повітрі - затишний літній майданчик та 6 окремих альтанок.<br /><strong>&nbsp; &laquo;Козачка&raquo;</strong> - це ідеальне місце для проведення банкету, кращий ресторан для весілля. Тут можна просто пообідати або добре провести вечір з друзями.<br /><br /></p>\r\n<p style=\"text-align: center;\">Працюємо для Вас щодня з 12-00 до 23-00 годин.<br /><br />Наш телефон: +380 (532) 56-95-36.<br /><br />Чекаємо Вас за адресою: м. Полтава, вул. Леніна, 34а.</p>\r\n<p style=\"text-align: center;\"><a href=\"../../../../contacts#kazachka\">Карта проїзду</a></p>','restoran-kazachka',1,'','','',80),(5,'Ресторан-бар \"Посейдон\"','\"The Poseydon\" bar-restaurant','Ресторан-бар \"Посейдон\"','<p style=\"text-align: justify;\">&nbsp; &nbsp;Ресторан-бар &laquo;Посейдон&raquo; - царство Олимпийского Бога, повелителя моря и его жителей предстанет&nbsp; перед Вами во всем блеске! Войдя&nbsp; в него, погружаешься&nbsp; в неповторимый морской&nbsp; мир. Экзотический зал ресторана &laquo;Посейдон&raquo; в лазурных оттенках создает приятную и загадочную&nbsp; атмосферу и идеально подойдет для обеда, дней рождений, торжеств, семейных праздников, юбилеев или свадеб.</p>','<p>Bar restaurant \"Poseidon\" - the realm of Olympic God, ruler of the sea and its inhabitants appear before you in all its splendor! Going into it, immerse yourself in a unique marine world. Exotic dining room \"Poseidon\" in the azure hues creates a pleasant and mysterious atmosphere and is ideal for lunch, birthday celebrations, family reunions, anniversaries or weddings.</p>','<p>Ресторан-бар &laquo;Посейдон&raquo; - царство Олімпійського Бога, повелителя моря та його мешканців постане перед Вами в усій красі! Увійшовши в нього, занурюєшся в неповторний морський світ. Екзотичний зал ресторану &laquo;Посейдон&raquo; в блакитних відтінках створює приємну і загадкову атмосферу і ідеально підійде для обіду, днів народжень, урочистостей, сімейних свят, ювілеїв або весіль.</p>','<p style=\"text-align: justify;\">&nbsp; Ресторан-бар <strong>&laquo;Посейдон&raquo;</strong> - царство Олимпийского Бога, повелителя моря и его жителей предстанет  перед Вами во всем блеске! Войдя  в него, погружаешься  в неповторимый морской  мир. Экзотический зал ресторана &laquo;Посейдон&raquo; в лазурных оттенках создает приятную и загадочную  атмосферу и идеально подойдет для обеда, дней рождений, торжеств, семейных праздников, юбилеев или свадеб. Зал ресторана расчитан на 50 посадочных мест.<br />&nbsp; Для небольших торжеств в ресторане есть два VIP-зала: \"Морской грот\" на 8 и комната в восточном стиле на 6 посадочных мест.&nbsp;<br />&nbsp; Летом для гостей ресторана открыты две летние площадки. Тут Вы сможете посидеть с друзьями, выпить чашечку кофе или чая, насладиться вкусными десертами.<br />&nbsp; В меню ресторана вы найдете богатый выбор блюд из рыбы, морепродуктов и блюд, приготовленных на гриле.</p>\r\n<p style=\"text-align: center;\"><br />Работаем для Вас ежедневно с 11-00 до 23-00 часов.</p>\r\n<p style=\"text-align: center;\">Наш телефон:&nbsp;+380 (532) 63-50-42.</p>\r\n<p style=\"text-align: center;\">Ждем Вас по адресу: г. Полтава, ул. 23 Сентября, 19.</p>\r\n<p style=\"text-align: center;\"><a href=\"../../../../contacts#poseydon\">Карта проезда</a></p>','<p style=\"text-align: justify;\">&nbsp; <strong>\"The Poseydon\"</strong> bar-restaurant - a realm of the Olympic god, ruler of the sea and its inhabitants &ndash; will appear in front of you in its entire splendor! Coming into it, you immerse yourself in a unique marine world. Exotic sky-blue dining room of \"The Poseydon&rdquo; restaurant creates a pleasant and mysterious atmosphere, being an ideal function hall for lunch, birthday celebrations, receptions, family reunions, anniversaries, or weddings. The room has 50 dining places.<br />&nbsp; There are two VIP-halls to host small parties in the restaurant: a \"sea cave\" for 8 and a room in oriental style for 6 seats.<br />&nbsp; In summer-time two summer terraces are available to the restaurant guests. Here you can sit with friends, have a cup of coffee or tea and enjoy delicious desserts.<br />&nbsp; In the restaurant menu you will find a rich selection of fish, seafood and grilled dishes.<br /><br /></p>\r\n<p style=\"text-align: center;\">We work for you every day from 11-00 to 23-00.<br /><br />Our phone: +380 (532) 63-50-42.<br /><br />We look forward to seeing you at 19 23th September st., Poltava.</p>\r\n<p style=\"text-align: center;\"><a href=\"../../../../contacts#poseydon\">Location map</a></p>\r\n<p style=\"text-align: center;\">&nbsp;</p>','<p style=\"text-align: justify;\">&nbsp; Ресторан-бар <strong>&laquo;Посейдон&raquo;</strong> - царство Олімпійського Бога, повелителя моря та його мешканців постане перед Вами в усій красі! Увійшовши в нього, занурюєшся в неповторний морський світ. Екзотичний зал ресторану &laquo;Посейдон&raquo; в блакитних відтінках створює приємну і загадкову атмосферу і ідеально підійде для обіду, днів народжень, урочистостей, сімейних свят, ювілеїв або весіль. Зал ресторану розрахований на 50 посадочних місць.<br />&nbsp; Для невеликих урочистостей в ресторані є два VIP-зали: \"Морський грот\" на 8 і кімната в східному стилі на 6 посадочних місць.<br />&nbsp; Влітку для гостей ресторану відкрито дві літні майданчики. Тут Ви зможете посидіти з друзями, випити чашечку кави або чаю, насолодитися смачними десертами.<br />&nbsp; У меню ресторану ви знайдете багатий вибір страв з риби, морепродуктів і страв, приготованих на грилі.<br /><br /></p>\r\n<p style=\"text-align: center;\">Працюємо для Вас щодня з 11-00 до 23-00 годин.<br /><br />Наш телефон: +380 (532) 63-50-42.<br /><br />Чекаємо Вас за адресою: м. Полтава, вул. 23 Вересня, 19.</p>\r\n<p style=\"text-align: center;\"><a href=\"../../../../contacts#poseydon\">Карта проїзду</a></p>','restoran-bar-poseydon',1,'','','',70),(6,'Кафе-бар \"Европа\"','\"The Europe\" entertainment center','Кафе-бар \"Европа\"','<p>&nbsp; Самое модное заведение нашего города &ndash; это &nbsp;кафе-бар Европа. Частица Европы в центре Полтавы. На втором этаже расположен VIP-зал на 25 посадочных&nbsp; мест и летняя площадка, уютный интерьер&nbsp; которой очарует даже самого избалованного клиента.</p>','<p>The most fashionable restaurant of the city - is a coffee bar Europe. Particle in the center of Europe Poltava. On the second floor is a VIP-hall for 25 seats and summer terrace, comfortable interior that will captivate even the most pampered customer.</p>','<p>Наймодніше заклад нашого міста - це кафе-бар Європа. Частка Європи у центрі Полтави. На другому поверсі розташований VIP-зал на 25 посадочних місць і літній майданчик, затишний інтер\'єр якої зачарує навіть самого вибагливого клієнта.</p>','<p style=\"text-align: justify;\">&nbsp; Развлекательный комплекс <strong>&laquo;Европа&raquo;</strong> - самое модное заведение нашего города. Частица Европы в центре Полтавы. На втором этаже расположен VIP-зал на 25 посадочных мест и летняя площадка, уютный интерьер которой очарует даже самого избалованного клиента.&nbsp;<br />&nbsp; Первый этаж - просторный зал бара с удобными диванами, который в выходные дни работает как диско-холл &ndash; любимое место отдыха молодежи.<br />&nbsp; На летней площадке или в большом нижнем зале <strong>&laquo;Европы&raquo;</strong> при отличном, профессиональном обслуживании и безупречном сервисе &ndash; Ваши друзья и близкие будут удивлены оригинальностью подачи праздничных блюд, широким выбором меню, от классической украинской до европейской кухни, от холодных закусок до фирменных и горячих блюд приготовленных на мангале. Индивидуальный подход к Вашим пожеланиям. Комфортные банкетные залы вмещают от 150 до 250 гостей.<br />&nbsp; На нулевом этаже расположен боулинг-клуб <strong>&laquo;Бум у місті&raquo;</strong> для любителей активного отдыха. Игра в боулинг на &laquo;пьяных&raquo; дорожках обязательно станет для Вас веселой и увлекательной.<br /><br /></p>\r\n<p style=\"text-align: center;\">Кафе-бар &laquo;Европа&raquo; работает для Вас с 12-00 до 23-00 часов.<br /><br />Наш телефон: +380 (532) 60-00-10/60-01-00<br /><br />Ждем Вас по адресу: г. Полтава, площадь Независимости, 5б.<br /><a href=\"../../../../contacts#evropa\"></a></p>\r\n<p style=\"text-align: center;\"><a href=\"../../../../contacts#evropa\">Карта проезда</a></p>','<p style=\"text-align: justify;\"><strong>&nbsp; \"The Europe\"</strong> entertainment center is the most fashionable venue in our city. A particle of Europe in the center of Poltava. On the second floor there is a VIP-hall for 25 seats and a summer terrace, a comfortable interior of which will appear captivate even for the most pampered customer.<br />&nbsp; The first floor &ndash; that is a spacious bar lounge with comfortable coaches, serving as a weekend disco hall &ndash; is a favorite leisure area of young people.<br />&nbsp; At the summer terrace or in the big hall downstairs,&nbsp;<strong>\"The Europe\"</strong> with its excellent, professional service and uncompromising attendance will amaze your family and friends with extraordinary serving of festive meals, diversity of menu, from classical Ukrainian cuisine to the European one, from appetizers to specialties and hot dishes cooked on the grill.<br />&nbsp; Individual approach to your wishes. Comfortable banquet rooms can accommodate from 150 to 250 guests.<br />&nbsp; On the ground floor there is&nbsp;<strong>\"The Bum u Misti\"</strong> bowling club for enthusiasts of active recreation. Bowling on the \"boozy\" tracks will surely bring you fun and fascination.<br /><br /></p>\r\n<p style=\"text-align: center;\">\"The Europe\" Caf&eacute;-Bar works for you from 12-00 to 23-00.<br /><br />Our phone: +380 (532) 60-00-10/60-01-00<br /><br />We look forward to seeing you at 5b ploshcha Nezalezhnosti, Poltava</p>\r\n<p style=\"text-align: center;\">&nbsp;<a href=\"../../../../contacts#evropa\">Location map</a></p>','<p style=\"text-align: justify;\">&nbsp; Розважальний комплекс <strong>&laquo;Європа&raquo;</strong> - наймодніший заклад нашого міста. Часточка Європи у центрі Полтави. На другому поверсі розташований VIP-зал на 25 посадочних місць і літній майданчик, затишний інтер\'єр якої зачарує навіть самого вибагливого клієнта.<br />&nbsp; Перший поверх - просторий зал бару зі зручними диванами, який у вихідні дні працює як диско-хол - улюблене місце відпочинку молоді.<br />&nbsp; На літньому майданчику або в великому нижньому залі <strong>&laquo;Європи&raquo;</strong> при відмінному, професійному обслуговуванні і бездоганному сервісі - Ваші друзі та близькі будуть здивовані оригінальністю подачі святкових страв, широким вибором меню, від класичної української до європейської кухні, від холодних закусок до фірмових і гарячих блюд приготованих на мангалі. Індивідуальний підхід до Ваших побажань. Комфортні банкетні зали вміщають від 150 до 250 гостей.<br />&nbsp; На нульовому поверсі розташований боулінг-клуб <strong>&laquo;Бум у місті&raquo;</strong> для любителів активного відпочинку. Гра в боулінг на &laquo;п\'яних&raquo; доріжках обов\'язково стане для Вас веселою і захоплюючою.<br /><br /></p>\r\n<p style=\"text-align: center;\">Кафе-бар &laquo;Європа&raquo; працює для Вас з 12-00 до 23-00 годин.<br /><br />Наш телефон: +380 (532) 60-00-10/60-01-00<br /><br />Чекаємо Вас за адресою: м. Полтава, майдан Незалежності, 5б.</p>\r\n<p style=\"text-align: center;\"><a href=\"../../../../contacts#evropa\">Карта проїзду</a></p>','kafe-bar-evropa',1,'','','',60),(7,'SPA-салон \"Лотос\"','\"The Lotos\" SPA','SPA-салон \"Лотос\"','<p style=\"text-align: justify;\">&nbsp; &nbsp;Отдохнуть от повседневных забот, уделить внимание красоте своего тела или пообщаться с друзьями в перерывах между заходом в сауну и плаванием в бассейне можно в престижном СПА-салоне &laquo;Лотос&raquo;.</p>','<p>Break from the daily routine, pay attention to the beauty of your body or to chat with friends in between entering the sauna and swim in the pool can be a prestigious spa and salon \"Lotus\".</p>','<p>Відпочити від повсякденних турбот, приділити увагу красу свого тіла або поспілкуватися з друзями в перервах між заходом в сауну і плаванням у басейні можна в престижному СПА-салоні &laquo;Лотос&raquo;.</p>','<p style=\"text-align: justify;\">&nbsp; Отдохнуть от повседневных забот, уделить внимание красоте своего тела или пообщаться с друзьями в перерывах между заходом в сауну и плаванием в бассейне можно в СПА-салоне <strong>&laquo;Лотос&raquo;</strong>.<br />&nbsp; <strong>&laquo;Лотос&raquo;</strong> предлагает Вашему вниманию широкий спектр услуг  для восстановления Вашего здоровья:<br />&nbsp; &nbsp; &nbsp;- три сауны с купелью, сделанные в разных стилях с выходом к SPA-бассейну (к Вашим услугам дубовые и березовые веники)&nbsp;<br />&nbsp; &nbsp; - многофункциональный СПА бассейн с гидромассажной системой (джакузи, водопад, гидромассаж, гейзер, противоток);<br />&nbsp; &nbsp; &nbsp;- оздоровительный массаж;<br />&nbsp; &nbsp; &nbsp;- антицеллюлитная программа, старвак, миостимуляция, прессотерапия;<br />&nbsp; &nbsp; &nbsp;- СПА капсула;<br />&nbsp; &nbsp; &nbsp;- обертывание на основе натуральной косметики Липокофеин и Гуам, шоколадные маски.<br />&nbsp; Гарантируем Вам высококачественное обслуживание, комфортную обстановку и хорошее настроение!</p>\r\n<p style=\"text-align: justify;\">&nbsp;</p>\r\n<p style=\"text-align: center;\">&nbsp; Рады видеть Вас каждый день с 09-00 до 23-00 часов</p>\r\n<p style=\"text-align: center;\">Наш телефон: +380 (532) 58-08-50.</p>\r\n<p style=\"text-align: center;\">Ждем Вас по адресу: г. Полтава, ул. Освитянская, 6.</p>\r\n<p style=\"text-align: center;\"><a href=\"../../../../contacts#lotos\">Карта проезда</a></p>','<div>\r\n<p style=\"text-align: justify;\">&nbsp; Break from the daily routine, pay attention to the beauty of your body or chat with friends in between entering the sauna and swim in the pool &ndash; all of this may be tried at <strong>\"The Lotos\"</strong> SPA.<br /><strong>&nbsp; \"The Lotos\"</strong> offers you a wide range of services for your recovery:<br /> - Three saunas with a font, made in different styles, with access to the SPA-pool (oak and birch sauna switches are at your service)<br /> &nbsp; &nbsp; &nbsp;- Multifunctional SPA-pool with whirlpool (Jacuzzi, waterfall, multi-jet shower, hot spring, counterflow);<br /> &nbsp; &nbsp; &nbsp;- Health massage;<br />&nbsp;&nbsp; &nbsp;&nbsp;- Anti-cellulite program, \"Starvak\", muscle toning, pressure therapy;<br />&nbsp;&nbsp; &nbsp;&nbsp;- SPA capsule;<br /> &nbsp; &nbsp; &nbsp;- Body wrap with Lipokofein and Guam natural cosmetics, chocolate masks.<br />&nbsp; We guarantee high quality service, comfortable atmosphere and good mood!<br /><br /></p>\r\n<p style=\"text-align: center;\">We are glad to see you every day from 09-00 to 23-00<br /><br />Our phone: +380 (532) 58-08-50.<br /><br />We look forward to seeing you at  6 Osvityanskaya st., Poltava</p>\r\n<p style=\"text-align: center;\"><a href=\"../../../../contacts#lotos\">Location map</a></p>\r\n</div>\r\n<p>&nbsp;</p>','<p style=\"text-align: justify;\">&nbsp; Відпочити від повсякденних турбот, приділити увагу красі свого тіла або поспілкуватися з друзями в перервах між сауною та плаванням у басейні можна в SPA -салоні &laquo;Лотос&raquo;.<br />&nbsp; &nbsp;&laquo;Лотос&raquo; пропонує Вашій увазі широкий спектр послуг для відновлення Вашого здоров\'я:<br /> &nbsp; &nbsp; &nbsp;- три сауни з купіллю, зроблені в різних стилях з виходом до SPA-басейну (до Ваших послуг дубові та березові віники);<br /> &nbsp; &nbsp; &nbsp;- багатофункціональний SPA-басейн з гідромасажною системою (джакузі, водоспад, гідромасаж, гейзер, протитечія);<br /> &nbsp; &nbsp; &nbsp;- оздоровчий масаж;<br /> &nbsp; &nbsp; &nbsp;- антицелюлітна програма, старвак, міостимуляція, пресотерапія;<br /> &nbsp; &nbsp; &nbsp;- SPA-капсула;<br /> &nbsp; &nbsp; &nbsp;- обгортання на основі натуральної косметики Ліпокофеін і Гуам, шоколадні маски.<br />&nbsp; Гарантуємо Вам високоякісне обслуговування, комфорт і гарний настрій!</p>\r\n<p style=\"text-align: justify;\">&nbsp;</p>\r\n<p style=\"text-align: center;\">Раді бачити Вас щодня з 09-00 до 23-00 годин.</p>\r\n<p style=\"text-align: center;\">Наш телефон: +380 (532) 58-08-50.</p>\r\n<p style=\"text-align: center;\">Чекаємо Вас за адресою: м. Полтава, вул. Освітянська, 6.</p>\r\n<p style=\"text-align: center;\"><a href=\"../../../../contacts#lotos\">Карта проїзду</a></p>','spa-salon-lotos',1,'','','',20),(8,'Кафе-бар \"Бочка\"','\"The Bochka\" café-bar','Кафе-бар \"Бочка\"','<p style=\"text-align: justify;\">&nbsp; Приглашаем жителей и гостей города посетить кафе-бар &laquo;Бочка&raquo;.<br />&nbsp; К Вашим услугам:<br />&nbsp; &nbsp; - пивной бар,<br />&nbsp;&nbsp; &nbsp;- ВИП-зал;<br />&nbsp;&nbsp; &nbsp;- австрийская кухня;<br />&nbsp;&nbsp; &nbsp;- разнообразные закуски к пиву;<br />&nbsp;&nbsp; &nbsp;- блинное меню;<br />&nbsp;&nbsp; &nbsp;- кальян;<br />&nbsp;&nbsp; &nbsp;- широкий ассортимент пива.<br />&nbsp;&nbsp; &nbsp;- вкуснейшие свиные ребрышки, рульки, колбаски и пиво в подарок.</p>','<p>We invite residents and visitors to visit the caf&eacute;-bar \"Barrel\".<br /> We offer:<br /> - A pub,<br /> - VIP room;<br /> - Austrian cuisine;<br /> - A variety of snacks for beer;<br /> - Pancake menu<br /> - Hookah;<br /> - A wide range of beers.<br /> - Delicious pork ribs, shanks, sausages and beer for free.</p>','<p>Запрошуємо жителів та гостей міста відвідати кафе-бар &laquo;Бочка&raquo;.<br /> До Ваших послуг:<br /> - Пивний бар,<br /> - ВІП-зал;<br /> - Австрійська кухня;<br /> - Різноманітні закуски до пива;<br /> - Млинцеве меню;<br /> - Кальян;<br /> - Широкий асортимент пива.<br /> - Дуже смачні свинячі реберця, рульки, ковбаски і пиво в подарунок.</p>','<p>&nbsp; Пивной кафе-бар <strong>&laquo;Бочка&raquo;</strong> - это заведение с необычным интерьером, состоящее из нескольких залов, где стены дышат историей, напоминая, что мы находимся в Полтаве.<br />&nbsp; К Вашим услугам:<br />&nbsp; &nbsp; &nbsp;- пивной бар,<br />&nbsp; &nbsp; &nbsp;- два зала;<br />&nbsp; &nbsp; &nbsp;- VIP-зал;<br />&nbsp; &nbsp; &nbsp;- летняя площадка;<br />&nbsp; &nbsp; &nbsp;- австрийская кухня;<br />&nbsp; &nbsp; &nbsp;- разнообразные закуски к пиву;<br />&nbsp; &nbsp; &nbsp;- блинное меню;<br />&nbsp; &nbsp; &nbsp;- широкий ассортимент пива. <br />&nbsp; &nbsp; &nbsp;- вкуснейшие свиные ребрышки, рульки, колбаски и пиво в подарок. <br />&nbsp; Пробуйте! Наслаждайтесь!<br />&nbsp; Мы делаем все, чтобы порадовать наших посетителей и увидеть их у нас в гостях снова и снова!.</p>\r\n<p style=\"text-align: center;\"><br />&nbsp; Работаем для Вас ежедневно с 12-00 до 23-00 часов</p>\r\n<p style=\"text-align: center;\">Наш телефон: +380 (532) 58-82-22.</p>\r\n<p style=\"text-align: center;\">Ждем Вас по адресу: г. Полтава, ул. Освитянская, 6.</p>\r\n<p style=\"text-align: center;\"><a href=\"../../../../contacts#bochka\">Карта проезда</a></p>','<p style=\"text-align: justify;\"><strong>&nbsp; \"The Bochka\"</strong> brasserie and caf&eacute;-bar is a place with unusual interior, consisting of several rooms where the walls breathe out history, recalling that we are in Poltava.<br />&nbsp; At your service:<br /> &nbsp; &nbsp; &nbsp;- A pub,<br /> &nbsp; &nbsp; &nbsp;- Two halls;<br /> &nbsp; &nbsp; &nbsp;- VIP hall;<br /> &nbsp; &nbsp; &nbsp;- Summer terrace;<br /> &nbsp; &nbsp; &nbsp;- Austrian cuisine;<br /> &nbsp; &nbsp; &nbsp;- A variety of snacks for beer;<br /> &nbsp; &nbsp; &nbsp;- Pancake menu<br /> &nbsp; &nbsp; &nbsp;- A wide range of beers.<br /> &nbsp; &nbsp; &nbsp;- The most delicious pork ribs, shanks, sausages and beer for free.<br />&nbsp; Try it! Enjoy it!<br />&nbsp; We do our best to please our guests and to see them visiting us over and over again!<br /><br /></p>\r\n<p style=\"text-align: center;\">We work for you every day from 12-00 to 23-00 <br /><br />Our phone: +380 (532) 58-82-22.<br /><br />We look forward to seeing you at  6 Osvityanskaya st., Poltava</p>\r\n<p style=\"text-align: center;\"><a href=\"../../../../contacts#bochka\">Location map</a></p>','<p style=\"text-align: justify;\">&nbsp; Пивний кафе-бар &laquo;Бочка&raquo; - це заклад з незвичайним інтер\'єром, що складається з декількох залів, де стіни дихають історією, нагадуючи, що ми знаходимося в Полтаві.<br />&nbsp; &nbsp;До Ваших послуг:<br /> &nbsp; &nbsp; &nbsp;- пивний бар;<br /> &nbsp; &nbsp; &nbsp;- два зали;<br /> &nbsp; &nbsp; &nbsp;- VIP-зал;<br /> &nbsp; &nbsp; &nbsp;- літній майданчик;<br /> &nbsp; &nbsp; &nbsp;- австрійська кухня;<br /> &nbsp; &nbsp; &nbsp;- різноманітні закуски до пива;<br /> &nbsp; &nbsp; &nbsp;- млинцеве меню;<br /> &nbsp; &nbsp; &nbsp;- широкий асортимент пива.<br /> &nbsp; &nbsp; &nbsp;- дуже смачні свинячі реберця, рульки, ковбаски і пиво в подарунок.<br />&nbsp; &nbsp;Спробуйте! Насолоджуйтесь!<br />&nbsp; &nbsp;Ми робимо все, щоб порадувати наших відвідувачів і побачити їх у нас в гостях знову і знову!</p>\r\n<p style=\"text-align: center;\"><br />Працюємо для Вас щодня з 12-00 до 23-00 годин</p>\r\n<p style=\"text-align: center;\">Наш телефон: 380 (532) 58-82-22.</p>\r\n<p style=\"text-align: center;\">Чекаємо Вас за адресою: м. Полтава, вул. Освітянська, 6.</p>\r\n<p style=\"text-align: center;\"><a href=\"../../../../contacts#bochka\">Карта проїзду</a></p>','kafe-bar-bochka',1,'Meta tile for Bochka','some meta description','some, meta, tags',30),(9,'Ресторан \"Раффинато\"','\"The Raffinato\" restaurant','Ресторан \"Раффінато\"','<p>&nbsp; &nbsp;&laquo;Раффинато&raquo; - ресторан, в котором вы окунетесь в атмосферу итальянской классики. Здесь приятно&nbsp; провести время за романтическим ужином, отпраздновать день рождения, свадьбу или&nbsp; корпоративную вечеринку. Только для Вас блюда итальянской&nbsp; и европейской кухни, богатая винотека, обширные чайная и&nbsp; десертная карты.</p>','<p>\"Raffinato\" - restaurant, where you will plunge into the atmosphere of Italian classics. Here, have a good time for a romantic dinner to celebrate a birthday, wedding or corporate event. Just for you Italian and European cuisine, a rich wine cellar, extensive tea and dessert card.</p>','<p>&laquo;Раффінато&raquo; - ресторан, в якому ви поринете в атмосферу італійської класики. Тут приємно провести час за романтичною вечерею, відсвяткувати день народження, весілля або корпоративну вечірку. Тільки для Вас страви італійської та європейської кухні, багата винотека, обширні чайна і десертна карти.</p>','<p style=\"text-align: justify;\">&nbsp; <strong>&laquo;Раффинато&raquo;</strong> - ресторан, в котором Вы окунетесь в атмосферу итальянской классики: мягкие оливковые тона интерьера , изысканная мебель и безукоризненная сервировка придадут торжественность даже рядовому ужину. <br />&nbsp; Здесь приятно провести время за романтическим ужином, отпраздновать день рождения, свадьбу или корпоративную вечеринку. Только для Вас блюда итальянской и европейской кухни, богатая винотека, обширные чайная и десертная карты.&nbsp;<br />&nbsp; А музыкальное сопровождение белого рояля сделают Ваш отдых незабываемым.&nbsp;<br />&nbsp; Начните утро с правильного и вкусного завтрака. Приглашаем с 7:00 до 11:00 утра на завтраки, которые готовятся из домашних продуктов:<br />&nbsp; &nbsp; &nbsp;- омлет или яичница, которые можно заказать на выбор с беконом или итальянскими колбасами;<br />&nbsp; &nbsp; &nbsp;- домашний творог со сметаной , запеканки, йогурты;<br />&nbsp; &nbsp; &nbsp;- овсяная или манная каши;<br /> &nbsp; &nbsp; &nbsp;- овощные салаты и сырные ассорти.<br />&nbsp; А также, обязательно закажите вкуснейший кофе с круассанами или стакан свежего фреша.<br />&nbsp; Ресторан рассчитан на 30 посадочных мест.<br /><br /><br /></p>\r\n<p style=\"text-align: center;\">Ждем Вас в гости с 7:00 &ndash; 23:00  по адресу: г. Полтава, ул. Октябрьская, 57.</p>\r\n<p style=\"text-align: center;\">Наш телефон: +380 (532) 57-97-87.<br /><br /><a href=\"../../../../contacts#ag\">Карта проезда</a></p>','<p style=\"text-align: justify;\"><strong>&nbsp; \"The Raffinato\"</strong> is a restaurant where you will plunge into atmosphere of the Italian classics: soft olive tints of the interior, exquisite furnishings and impeccable serving will give solemnity even to an ordinary dinner.<br />&nbsp; Here you may have a good time at a romantic dinner, celebrating a birthday, wedding or corporate event. Italian and European cuisine, rich wine cellar, extensive tea and dessert cards are only for you.<br />&nbsp; And white grand piano background music will make your stay unforgettable.<br />&nbsp; Start your morning with a delicious and nourishing breakfast. You are welcome from 7:00 to 11:00 am for breakfasts prepared with home-made products:<br />&nbsp; &nbsp; &nbsp;- An omelette or scrambled eggs, which can be ordered with a choice of bacon or Italian sausages;<br />&nbsp; &nbsp; &nbsp;- Cottage cheese with sour cream, puddings, yogurts;<br />&nbsp; &nbsp; &nbsp;- Oatmeal or semolina porridge;<br /> &nbsp; &nbsp; &nbsp;- Vegetable salad and cheese platters.<br />&nbsp; Also, be sure to order a delicious coffee with croissants or a glass of fresh juice.<br />&nbsp; The restaurant has 30 seats.<br /><br /></p>\r\n<p style=\"text-align: center;\">We are waiting for you to visit from 7:00 - 23:00 at 57 Oktyabrska st, Poltava.<br /><br />Our phone: +380 (532) 57-97-87.<br /><br /><a href=\"../../../../contacts#ag\">Location map</a></p>','<p style=\"text-align: justify;\"><strong>&nbsp; &laquo;Раффінато&raquo;</strong> - ресторан, в якому Ви поринете в атмосферу італійської класики: м\'які оливкові тони інтер\'єру, вишукані меблі та бездоганна сервіровка додадуть урочистості навіть пересічному вечору.<br />&nbsp; Тут приємно провести час за романтичною вечерею, відсвяткувати день народження, весілля або корпоративну вечірку. Тільки для Вас страви італійської та європейської кухні, багата винотека, чайна і десертна карти.<br />&nbsp; А музичний супровід білого роялю зробить Ваш відпочинок незабутнім.<br />&nbsp; Почніть ранок з правильного і смачного сніданку. Запрошуємо з 7:00 до 11:00 ранку на сніданки, які готуються з домашніх продуктів:<br />&nbsp; &nbsp; &nbsp;- омлет або яєчня, які можна замовити на вибір з беконом або італійськими ковбасами;<br />&nbsp; &nbsp; &nbsp;- домашній сир зі сметаною, запіканки, йогурти;<br />&nbsp; &nbsp; &nbsp;- вівсяна або манна каші; <br />&nbsp; &nbsp; &nbsp;- овочеві салати та сирні асорті.<br />&nbsp; А також обов\'язково замовте найсмачнішу каву з круасанами або склянку свіжого фрешу.<br />&nbsp; Ресторан розрахований на 30 посадочних місць.</p>\r\n<p style=\"text-align: justify;\">&nbsp;</p>\r\n<p style=\"text-align: center;\">Чекаємо Вас у гості з 7:00 - 23:00 за адресою: м. Полтава, вул. Жовтнева, 57.</p>\r\n<p style=\"text-align: center;\">Наш телефон: +380 (532) 57-97-87.</p>\r\n<p style=\"text-align: center;\"><a href=\"../../../../contacts#ag\">Карта проїзду</a></p>','restoran-raffinato',0,'','','',50),(10,'\"Нега\" бар','\"The Nega\" bar','\"Нега\" бар','<p><span style=\"font-family: \'book antiqua\', palatino;\">&laquo;Нега&raquo; бар &ndash; это современный бар со стильным интерьером, где поистине королевская роскошь заряжает энергией и помогает расслабиться. Здесь вы сможете разместиться на удобных диванчиках, покурить кальян, насладиться неповторимыми коктейлями.</span></p>','<p>\"Bliss\" bar - a modern bar with a stylish interior, where a truly royal luxury energizes and relaxes. Here you can stay in the comfortable sofas, a shisha, enjoy unique cocktails.</p>','<p>&laquo;Нега&raquo; бар - це сучасний бар зі стильним інтер\'єром, де воістину королівська розкіш заряджає енергією і допомагає розслабитися. Тут ви зможете розміститися на зручних диванчиках, покурити кальян, насолодитися неповторними коктейлями.</p>','<p style=\"text-align: justify;\"><strong>&nbsp; &laquo;Нега&raquo;</strong> бар &ndash; это современный бар со стильным интерьером. Переступив порог этого бара, Вы оставляете за спиной суету города и попадаете в другой мир, где можно идеально провести деловую встречу, романтическое свидание или просто дружеские посиделки. Здесь Вы сможете разместиться на удобных диванчиках, насладиться неповторимыми коктейлями. Меню бара, великолепные десерты, винный лист с широким выбором напитков и коктейльная карта с коктейлями на любой вкус оценят по достоинству даже самые искушенные гурманы.<br /><strong>&nbsp; &laquo;Нега&raquo;</strong> бар &ndash; самое яркое и динамичное заведение в городе.<br /><br /></p>\r\n<p style=\"text-align: center;\">Более того, двери бара открыты для вас круглосуточно.<br /><br />Наш телефон: +380 (532) 57-97-87.<br /><br />Ждем Вас по адресу: г. Полтава, ул. Октябрьская, 57.</p>\r\n<p style=\"text-align: center;\"><a href=\"../../../../contacts#ag\">Карта проезда</a></p>\r\n<p><span style=\"font-family: arial, helvetica, sans-serif;\"><br /></span></p>','<div>\r\n<p>&nbsp; <strong>\"The Nega\"</strong> bar is a modern bar with a stylish interior. Once inside the bar, you leave behind hustle and bustle of the city and find yourself in another world, perfect for a business meeting, a romantic date or just friendly gatherings. Here you can stay on the comfortable coaches and enjoy unique cocktails. Bar menu, great desserts, wine list with a selection of drinks, and cocktail menu with cocktails for every taste will be appreciated even by the most sophisticated gourmets.<br />&nbsp; <strong>\"The Nega\"</strong> bar is the most vivid and vibrant lounge in the city.<br /><br /></p>\r\n<p style=\"text-align: center;\">Moreover, this is a drop-in bar for you around the clock.<br /><br />Our phone: +380 (532) 57-97-87.<br /><br />We look forward to seeing you at 57 Oktyabrska st, Poltava.</p>\r\n<p style=\"text-align: center;\">&nbsp;<a href=\"../../../../contacts#ag\">Location map</a></p>\r\n</div>','<p style=\"text-align: justify;\"><strong>&nbsp;&nbsp; &laquo;Нега&raquo;</strong> бар - це сучасний бар зі стильним інтер\'єром. Переступивши поріг цього бару, Ви залишаєте за спиною суєту міста і потрапляєте в інший світ, де можна ідеально провести ділову зустріч, романтичне побачення або просто дружні посиденьки. Тут Ви зможете розміститися на зручних диванчиках, насолодитися неповторними коктейлями. Меню бару, чудові десерти, винний лист з широким вибором напоїв і коктейльна карта з коктейлями на будь-який смак оцінять навіть самі спокушені гурмани.<br /><strong>&nbsp; &laquo;Нега&raquo;</strong> бар - самий яскравий та динамічний заклад у місті.<br /><br /></p>\r\n<p style=\"text-align: center;\">Більш того, двері бару відкриті для Вас цілодобово.<br /><br />Наш телефон: +380 (532) 57-97-87.<br /><br />Чекаємо Вас за адресою: м. Полтава, вул. Жовтнева, 57.</p>\r\n<p style=\"text-align: center;\"><a href=\"../../../../contacts#ag\">Карта проїзду</a></p>','nega-bar',0,'','','',55);

/*Table structure for table `photos` */

DROP TABLE IF EXISTS `photos`;

CREATE TABLE `photos` (
  `id` int(11) unsigned NOT NULL AUTO_INCREMENT,
  `extention` varchar(8) NOT NULL,
  `title_ru` varchar(255) DEFAULT 'Фотография',
  `title_en` varchar(255) DEFAULT 'Photo',
  `title_ua` varchar(255) DEFAULT 'Фотографія',
  PRIMARY KEY (`id`)
) ENGINE=InnoDB AUTO_INCREMENT=75 DEFAULT CHARSET=utf8;

/*Data for the table `photos` */

insert  into `photos`(`id`,`extention`,`title_ru`,`title_en`,`title_ua`) values (15,'jpg','Гостиница Аллея гранд, фасад','Alleya Grand Hotel, facade','Готель Алея Гранд, фасад'),(16,'jpg','Гостиница Аллея гранд, конференцзал','Alleya Grand Hotel, conference hall','Готель Алея Гранд, конференцзал'),(17,'jpg','Гостиница Аллея гранд, номер','Alleya Grand Hotel, room','Готель Алея Гранд, номер'),(18,'jpg','Гостиница Аллея гранд, ресепшин','Alleya Grand Hotel, reception','Готель Алея Гранд, ресепшн'),(19,'jpg','Бар Бочка, барная стойка','Barrel bar, bar','Бар Бочка, барна стійка'),(20,'jpg','Бар Бочка, VIP зал','Barrel Bar, VIP Room','Бар Бочка, VIP зал'),(21,'jpg','Бар \'Бочка\', зал с панно \'Полтавская битва\'','\'The Bochka\' café-bar, hall with panels \'Battle of Poltava\'','Бар \'Бочка\', зал з панно \'Полтавська битва\''),(22,'jpg','\'Бум у місті\', боулинг','\'The Bum u Misti\' bowling club','\'Бум у місті\', боулінг'),(23,'jpg','Кафе-бар \'Европа\', фасад','\'The Europe\' entertainment center, the facade','Кафе-бар \'Європа\', фасад'),(24,'jpg','Кафе-бар \'Европа\', летняя площадка','\'The Europe\' entertainment center, summer terrace','Кафе-бар \'Європа\', літній майданчик'),(25,'jpg','Кафе-бар \'Европа\', зал','\'The Europe\' entertainment center, the hall','Кафе-бар \'Європа\', зал'),(26,'jpg','Ресторанный комплекс \'Каштановая аллея\', фасад','\'The Kashtanova Aleya\' restaurant complex, facade','Ресторанний комплекс \'Каштанова алея\', фасад'),(27,'jpg','Ресторанный комплекс \'Каштановая аллея\', паб','\'The Kashtanova Aleya\' restaurant complex, pub','Рестораний комплекс \'Каштанова алея\', паб'),(28,'jpg','Ресторанный комплекс \'Каштановая аллея\', зал ресторана','\'The Kashtanova Aleya\' restaurant complex, hall','Ресторанний комплекс \'Каштанова алея\', зал ресторану'),(29,'jpg','Ресторан \'Казачка\', фасад','\'The Kazachka\' Restaurant, facade','Ресторан \'Козачка\', фасад'),(30,'jpg','Ресторан \'Казачка\', зал ресторана','\'The Kazachka\' restaurant, restaurant hall','Ресторан \'Козачка\', зал ресторану'),(31,'jpg','SPA-салон \'Лотос\', бассейн','\'The Lotos\' SPA, pool','SPA-салон \'Лотос\', басейн'),(32,'jpg','SPA-салон \'Лотос\', комната отдыха','\'The Lotos\' SPA, restroom','SPA-салон \'Лотос\', кімната відпочинку'),(33,'jpg','\'Нега\'-бар, барная стойка, бокалы','\'The Nega\' bar, bar, glasses','\'Нега\'-бар, барная стійка, келихи'),(34,'jpg','\'Нега\'-бар, диваны','\'The Nega\' bar, sofas','\'Нега\'-бар, дивани'),(35,'jpg','\'Нега\'-бар, барная стойка','\"The Nega\" bar, bar','\'Нега\'-бар, барна стійка'),(36,'jpg','Ресторан-бар \'Посейдон\', ПАБ','\'The Poseydon\' bar-restaurant, Pub','Ресторан-бар \'Посейдон\', ПАБ'),(37,'jpg','Ресторан-бар \'Посейдон\', фасад','\'The Poseydon\' bar-restaurant, facade','Ресторан-бар \'Посейдон\', фасад'),(38,'jpg','Ресторан-бар \'Посейдон\', летняя площадка','\'The Poseydon\' bar-restaurant, summer terrace','Ресторан-бар \'Посейдон\', літня площадка'),(39,'jpg','Ресторан-бар \'Посейдон\', зал ресторана','\"The Poseydon\" bar-restaurant, restaurant hall','Ресторан-бар \'Посейдон\', зал ресторану'),(40,'jpg','Ресторан \'Раффинато\', зал, интерьер','\'The Raffinato\' restaurant, hall, interior','Ресторан \'Раффінато\', зал, интер\'єр'),(41,'jpg','Ресторан \'Раффинато\', фасад','\'The Raffinato\' restaurant, facade','Ресторан \'Раффінато\', фасад'),(42,'jpg','Ресторан \'Раффинато\', зал ресторана','\'The Raffinato\' restaurant, restaurant hall','Ресторан \'Раффінато\', зал ресторану'),(43,'jpg','Гостиница \'Алея Гранд\', коридор','Photo','Фотографія'),(44,'jpg','Гостиница \'Аллея гранд\', санузел','Photo','Фотографія'),(45,'jpg','Кафе-бар \'Бочка\', зал','Photo','Фотографія'),(46,'jpg','Кафе-бар \'Бочка\', блюдо','Photo','Фотографія'),(47,'jpg','Кафе-бар \'Бочка\', блюдо','Photo','Фотографія'),(48,'jpg','Кафе-бар \'Бочка\', салат из капусты','Photo','Фотографія'),(49,'jpg','Ресторан \'Европа\', летняя площадка, банкет','Photo','Фотографія'),(50,'jpg','Ресторан \'Европа\', Боулинг','Photo','Фотографія'),(51,'jpg','Ресторан \'Европа\', зал ресторана, банкет','Photo','Фотографія'),(52,'jpg','Ресторан \'Европа\', торт','Photo','Фотографія'),(53,'jpg','Ресторанный комплекс \'Каштанова алея\', ПАБ','Photo','Фотографія'),(54,'jpg','Ресторанный комплекс \'Каштанова алея\', лестница','Photo','Фотографія'),(55,'jpg','Ресторанный комплекс \'Каштанова алея\', летняя площадка','Photo','Фотографія'),(56,'jpg','Ресторанный комплекс \'Каштанова алея\', банкет','Photo','Фотографія'),(57,'jpg','Ресторанный комплекс \'Каштанова алея\', зал ресторана','Photo','Фотографія'),(58,'jpg','Ресторан \'Казачка\', беседка','Photo','Фотографія'),(59,'jpg','Ресторан \'Казачка\', куринь, интерьер','Photo','Фотографія'),(60,'jpg','Ресторан \'Казачка\', куринь','Photo','Фотографія'),(61,'jpg','Ресторан \'Казачка\', летняя площадка','Photo','Фотографія'),(62,'jpg','Ресторан \'Казачка\', летняя площадка, банкет','Photo','Фотографія'),(63,'jpg','Ресторан \'Казачка\', VIP-зал','Photo','Фотографія'),(64,'jpg','СПА-салон \'Лотос\', бассейн','Photo','Фотографія'),(65,'jpg','СПА-салон \'Лотос\', СПА-капсула','Photo','Фотографія'),(66,'jpg','СПА-салон \'Лотос\', массажный кабинет','Photo','Фотографія'),(67,'jpg','СПА-салон \'Лотос\', сауна','Photo','Фотографія'),(68,'jpg','Ресторан \'Раффинато\', фасад день','Photo','Фотографія'),(69,'jpg','Ресторан-бар \'Посейдон\', зал ресторана, банкет','Photo','Фотографія'),(70,'jpg','Ресторан-бар \'Посейдон\', летняя площадка, столик, сервировка','Photo','Фотографія'),(71,'jpg','Ресторан-бар \'Посейдон\', VIP-зал','Photo','Фотографія'),(72,'jpg','Ресторан \'Раффинато\', вход в зал','Photo','Фотографія'),(73,'jpg','Ресторан \'Раффинато\', зал, рояль','Photo','Фотографія'),(74,'jpg','Ресторан \'Раффинато\', столы, сервировка','Photo','Фотографія');

/*Table structure for table `photos_pages` */

DROP TABLE IF EXISTS `photos_pages`;

CREATE TABLE `photos_pages` (
  `photo_id` int(11) unsigned NOT NULL,
  `page` varchar(64) NOT NULL,
  PRIMARY KEY (`photo_id`,`page`),
  CONSTRAINT `FK_photos_pages_photo_id_photo_id` FOREIGN KEY (`photo_id`) REFERENCES `photos` (`id`) ON DELETE CASCADE
) ENGINE=InnoDB DEFAULT CHARSET=utf8;

/*Data for the table `photos_pages` */

insert  into `photos_pages`(`photo_id`,`page`) values (15,'about'),(15,'contacts'),(15,'gostinica-aleya-grand'),(15,'main'),(15,'news'),(15,'objects'),(15,'programs'),(15,'restoran-raffinato'),(15,'vacancies'),(16,'gostinica-aleya-grand'),(17,'gostinica-aleya-grand'),(18,'gostinica-aleya-grand'),(18,'main'),(18,'nega-bar'),(18,'objects'),(18,'restoran-raffinato'),(19,'contacts'),(19,'kafe-bar-bochka'),(19,'main'),(19,'objects'),(20,'kafe-bar-bochka'),(20,'main'),(20,'objects'),(21,'kafe-bar-bochka'),(22,'kafe-bar-evropa'),(22,'objects'),(23,'about'),(23,'contacts'),(23,'kafe-bar-evropa'),(23,'main'),(23,'news'),(23,'objects'),(23,'vacancies'),(24,'kafe-bar-evropa'),(25,'kafe-bar-evropa'),(26,'about'),(26,'contacts'),(26,'main'),(26,'news'),(26,'objects'),(26,'restorannyy-kompleks-kashtanova-aleya'),(26,'vacancies'),(27,'objects'),(27,'restorannyy-kompleks-kashtanova-aleya'),(28,'objects'),(28,'restorannyy-kompleks-kashtanova-aleya'),(29,'about'),(29,'contacts'),(29,'main'),(29,'news'),(29,'objects'),(29,'programs'),(29,'restoran-kazachka'),(29,'vacancies'),(30,'objects'),(30,'restoran-kazachka'),(31,'main'),(31,'objects'),(31,'spa-salon-lotos'),(32,'objects'),(32,'spa-salon-lotos'),(33,'nega-bar'),(34,'nega-bar'),(35,'about'),(35,'contacts'),(35,'main'),(35,'nega-bar'),(35,'news'),(35,'objects'),(35,'programs'),(35,'vacancies'),(36,'restoran-bar-poseydon'),(37,'about'),(37,'contacts'),(37,'main'),(37,'news'),(37,'objects'),(37,'programs'),(37,'restoran-bar-poseydon'),(37,'vacancies'),(38,'objects'),(38,'restoran-bar-poseydon'),(39,'restoran-bar-poseydon'),(40,'restoran-raffinato'),(41,'about'),(41,'contacts'),(41,'main'),(41,'news'),(41,'objects'),(41,'programs'),(41,'restoran-raffinato'),(41,'vacancies'),(42,'main'),(42,'objects'),(42,'restoran-raffinato'),(43,'gostinica-aleya-grand'),(44,'gostinica-aleya-grand'),(45,'kafe-bar-bochka'),(46,'kafe-bar-bochka'),(47,'kafe-bar-bochka'),(48,'kafe-bar-bochka'),(49,'kafe-bar-evropa'),(50,'kafe-bar-evropa'),(51,'kafe-bar-evropa'),(52,'kafe-bar-evropa'),(53,'restorannyy-kompleks-kashtanova-aleya'),(54,'restorannyy-kompleks-kashtanova-aleya'),(55,'restorannyy-kompleks-kashtanova-aleya'),(56,'restorannyy-kompleks-kashtanova-aleya'),(57,'restorannyy-kompleks-kashtanova-aleya'),(58,'restoran-kazachka'),(59,'restoran-kazachka'),(60,'restoran-kazachka'),(61,'restoran-kazachka'),(62,'restoran-kazachka'),(63,'restoran-kazachka'),(64,'spa-salon-lotos'),(65,'spa-salon-lotos'),(66,'spa-salon-lotos'),(67,'spa-salon-lotos'),(68,'nega-bar'),(69,'restoran-bar-poseydon'),(70,'restoran-bar-poseydon'),(71,'restoran-bar-poseydon'),(72,'restoran-raffinato'),(73,'restoran-raffinato'),(74,'restoran-raffinato');

/*Table structure for table `staticpages` */

DROP TABLE IF EXISTS `staticpages`;

CREATE TABLE `staticpages` (
  `id` int(11) unsigned NOT NULL AUTO_INCREMENT,
  `title_ru` varchar(255) NOT NULL,
  `title_en` varchar(255) DEFAULT NULL,
  `title_ua` varchar(255) DEFAULT NULL,
  `content_ru` longtext,
  `content_en` longtext,
  `content_ua` longtext,
  `name` varchar(64) NOT NULL,
  `head_title` text,
  `head_description` text,
  `head_meta` text,
  PRIMARY KEY (`id`,`name`)
) ENGINE=InnoDB AUTO_INCREMENT=6 DEFAULT CHARSET=utf8;

/*Data for the table `staticpages` */

insert  into `staticpages`(`id`,`title_ru`,`title_en`,`title_ua`,`content_ru`,`content_en`,`content_ua`,`name`,`head_title`,`head_description`,`head_meta`) values (1,'О нас','About Us','Про нас','<p><span style=\"color: #000000;\"><img style=\"display: block; margin-left: auto; margin-right: auto;\" src=\"../../../../userfiles/as-2.png\" alt=\"\" width=\"163\" height=\"118\" /></span></p>\r\n<p style=\"text-align: justify;\"><span style=\"font-family: &quot;georgia&quot;, &quot;palatino&quot;; font-size: small; color: #ffff99;\">&nbsp;</span></p>\r\n<p style=\"text-align: justify;\"><strong>&nbsp; &laquo;Алея Смаку&raquo;</strong> - крупная, динамично развивающаяся сеть заведений, общепризнанный лидер ресторанного рынка Полтавы. <br />&nbsp; В корпорацию <strong>&laquo;Алея Смаку&raquo;</strong>, на сегодняшний день, входят ресторанный комплекс <strong>&laquo;Каштанова аллея&raquo;</strong>, ресторан <strong>&laquo;Посейдон&raquo;</strong>, гостиница <strong>&laquo;Алея Гранд&raquo;</strong>, ресторан <strong>&laquo;Раффинато&raquo;</strong>, <strong>&laquo;Нега&raquo;</strong>-бар, кафе-бар <strong>&laquo;Бочка&raquo;</strong>, ресторан <strong>&laquo;Казачка&raquo;</strong>, СПА салон <strong>&laquo;Лотос&raquo;</strong>, кафе-бар <strong>&laquo;Европа&raquo;</strong> с боулинг-клубом <strong>&laquo;Бум у місті&raquo;</strong>. Секрет успеха компании, по мнению учредителей, в том, что <strong>&laquo;Алея Смаку&raquo;</strong> - это, прежде всего, компания единомышленников, а ее достижения &ndash; следствие не только четких бизнес-расчетов, но и труда каждого участника команды. В компании работают более 400 сотрудников, которые беспрерывно обеспечивают высококачественный сервис и создают хорошее настроение гостям.<br />&nbsp; Посетив наши заведения впервые, Вы навсегда окажетесь среди наших постоянных клиентов и вернетесь к нам вновь и вновь.<br />&nbsp; Сеть заведений <strong>&laquo;Алея Смаку&raquo;</strong> - это гарантия качественного, комфортного и беззаботного отдыха.</p>\r\n<p style=\"text-align: center;\"><br /> Корпорация <strong>&laquo;Алея Смаку&raquo;</strong> - &laquo;Только там, где лучше всего!&raquo;</p>','<p style=\"text-align: justify;\"><strong><img style=\"display: block; margin-left: auto; margin-right: auto;\" src=\"../../../../userfiles/as-2.png\" alt=\"\" width=\"163\" height=\"118\" />&nbsp;</strong></p>\r\n<p style=\"text-align: justify;\"><strong>\"Aleya Smaku\"</strong> is a large, robust catering chain, a recognized leader in the restaurant market of Poltava.<br /> As of today <strong>\"The Aleya Smaku\"</strong>&nbsp;corporation includes <strong>\"The Kashtanova Aleya\"</strong> restaurant complex, <strong>\"The Poseydon\"</strong> restaurant, <strong>\"The Aleya Grand\"</strong> hotel, <strong>\"The Raffinato\"</strong> restaurant, <strong>\"The Nega\"</strong> bar, <strong>\"The Bochka\"</strong>&nbsp;caf&eacute;-bar, <strong>\"The Kazachka\"</strong> restaurant, <strong>\"The Lotos\"</strong> SPA, <strong>\"The Europe\"</strong>&nbsp;caf&eacute;-bar with <strong>\"The Bum u Misti\"</strong> bowling club. According to the founders, the secret to the company&rsquo;s success rests upon the fact that <strong>\"Aleya Smaku\"</strong> is, above all, a company of the like-minded, and its achievements is a consequence of not only clear business calculations, but labour of each team member. The company has over 400 employees, who continuously provide high quality service and set a good mood for our guests.<br />Having visited our facilities for the first time, you will find yourself among our customers for ever and will come back over and over again.<br /> <strong>\"The Aleya Smaku\"</strong> catering chain is a guaranteed quality, comfort and time of joy.</p>\r\n<p style=\"text-align: center;\"><br /> <strong>\"The Aleya Smaku\"</strong> corporation - \"Where the best bet is!\"<br /><br /></p>','<p style=\"text-align: justify;\"><img style=\"display: block; margin-left: auto; margin-right: auto;\" src=\"../../../../userfiles/as-2.png\" alt=\"\" width=\"163\" height=\"118\" /></p>\r\n<p style=\"text-align: justify;\">&nbsp;&nbsp;<strong>&laquo;Алея Смаку&raquo;</strong> - велика, динамічно зростаюча мережа закладів, загальновизнаний лідер ресторанного ринку Полтави.<br />&nbsp; &nbsp;В корпорацію <strong>&laquo;Алея Смаку&raquo;</strong>, на сьогоднішній день, входять ресторанний комплекс <strong>&laquo;Каштанова алея&raquo;</strong>, ресторан <strong>&laquo;Посейдон&raquo;</strong>, готель <strong>&laquo;Алея Гранд&raquo;</strong>, ресторан <strong>&laquo;Раффінато&raquo;</strong>, <strong>&laquo;Нега&raquo;</strong>-бар, кафе-бар <strong>&laquo;Бочка&raquo;</strong>, ресторан <strong>&laquo;Козачка&raquo;</strong>, СПА салон <strong>&laquo;Лотос&raquo;</strong>, кафе-бар <strong>&laquo;Європа&raquo;</strong> з боулінг-клубом <strong>&laquo;Бум у місті&raquo;</strong>. Секрет успіху компанії, на думку засновників, в тому, що <strong>&laquo;Алея Смаку&raquo;</strong> - це, перш за все, компанія однодумців, а її досягнення - наслідок не тільки чітких бізнес-розрахунків, але і праці кожного учасника команди. У компанії працюють понад 400 співробітників, які безперервно забезпечують високоякісний сервіс і створюють гарний настрій гостям.<br />&nbsp; &nbsp;Відвідавши наші заклади вперше, Ви назавжди опинитесь серед наших постійних клієнтів і повернетесь до нас знову і знову.<br />&nbsp; &nbsp;Мережа закладів <strong>&laquo;Алея Смаку&raquo;</strong> - це гарантія якісного, комфортного і безтурботного відпочинку.&nbsp;<br />&nbsp; &nbsp;Корпорація <strong>&laquo;Алея Смаку&raquo;</strong> - &laquo;Тільки там, де найкраще!&raquo;</p>','about','Сеть заведений \"Аллея смаку\" | О нас','Отдых в Полтаве. Гостиницы, рестораны, кафе, боулинг, СПА','гостиницы, рестораны, кафе, боулинг, СПА, дискотеки, развлечения'),(2,'Вакансии','Jobs','Вакансії','<p style=\"text-align: justify;\">&nbsp; В любом из наших заведений&nbsp; Вас ждет дружный коллектив, интересная и перспективная работа! У нас молодые, но очень квалифицированные сотрудники. Компания предлагает Вам официальное трудоустройство в полном соответствии с законодательством Украины.</p>\r\n<p style=\"text-align: justify;\" dir=\"ltr\">&nbsp; Если Вас зантересовала вакансия - звоните нам по тел. (0532) 57-97-85, контактные лица: Оксана Александровна, Людмила Николаевна</p>\r\n<p style=\"text-align: justify;\" dir=\"ltr\">&nbsp;</p>\r\n<p style=\"text-align: justify;\">&nbsp;<strong>Требуются на работу:</strong></p>\r\n<p style=\"text-align: justify;\">&nbsp;</p>\r\n<p style=\"text-align: justify;\">бухгалтер<br />кассир<br />директор кафе<br />старший администратор<br />официант<br />бармен<br />шеф-повар<br />старший повар<br />повар<br />заведующий производством<br />кондитер<br />пекарь<br />кухонный работник<br />мойщик посуды<br />уборщик служебных помещений<br />охранник<br />электромонтер<br />портье</p>\r\n<p style=\"text-align: justify;\">&nbsp;</p>','<p>In any of our facilities you will find a friendly staff, interesting and promising work! Our personnel is young but highly skilled. The company offers formal employment in full compliance with the laws of Ukraine.</p>\r\n<div>\r\n<p>If you are interested in any of the following vacancies - please call us on tel. (0532) 57-97-85, contact persons: &nbsp;Oksana, Liudmila</p>\r\n</div>\r\n<p>&nbsp;</p>','<p>&nbsp; В будь-якому з наших закладів Вас чекає дружній колектив, цікава і перспективна робота! У нас молоді, але дуже кваліфіковані співробітники. Компанія пропонує Вам офіційне працевлаштування в повній відповідності з законодавством України.<br />&nbsp; &nbsp;Якщо Вас зацікавить вакансія - дзвоніть нам за тел. (0532) 57-97-85, контактні особи: Оксана Олександрівна, Людмила Миколаївна</p>\r\n<p><strong>Потрібні на роботу:</strong></p>\r\n<p>бухгалтер<br />касир<br />директор кафе<br />старший адміністратор<br />офіціант<br />бармен<br />шеф-кухар<br />старший кухар<br />кухар<br />завідувач виробництвом<br />кондитер<br />пекар<br />кухонний працівник<br />мийник посуду<br />прибиральник службових приміщень<br />охоронець<br />електромонтер<br />портьє</p>','vacancies','','',''),(3,'Программы лояльности','Loyality Program','Програми лояльности','<p style=\"text-align: justify;\">&nbsp; Программа лояльности  создана для наших клиентов и предполагает использование системы специальных скидок Постоянным Клиентам. Данной программой предполагается предоставление пластиковых карточек с индивидуальным номером.&nbsp;<br />&nbsp; Стать участником программы очень просто. Все, что вам нужно &mdash; это набрать нужную сумму 3000 грн. в любом из заведений сети <strong>&laquo;Аллея смаку&raquo;</strong>, и вам вручается карточка VIP клиента. Владелец карточки получает право на скидку в наших заведениях, и в дальнейшем на ее увеличение.<br />&nbsp; Также постоянных клиентов ждут сообщения о новых акциях и приглашения на развлекательные программы (Новый год, 8 марта&hellip;).<br />&nbsp; Мы создавали, и будем создавать в дальнейшем особые условия для постоянных клиентов!</p>\r\n<ul>\r\n</ul>','<p style=\"text-align: justify;\">&nbsp; Loyalty program is created for our customers and involves the use of special discounts to Regular Clients. This program involves supply of plastic cards with a unique number.<br />&nbsp; Membership in the program is very simple. All you need is to accumulate the desired amount of          USD 3000 in any of <strong>\"The Aleya Smaku\"</strong> chain catering facilities, and you are handed a VIP client card. The cardholder is entitled to a discount in our chain, and further increase of it.<br />&nbsp; Out regular customers will also be informed on new promotions and invited to entertainment events (New Year, March 8 celebrations).<br />&nbsp; We have created and will go on with creation of special conditions for our regular customers!<br /><br /></p>','<p style=\"text-align: justify;\">&nbsp; Програма лояльності створена для наших клієнтів і пропонує використання системи спеціальних знижок Постійним Клієнтам. Даною програмою передбачається надання пластикових карток з індивідуальним номером.<br />&nbsp; Стати учасником програми дуже просто. Все, що вам потрібно - це набрати потрібну суму 3000 грн. в будь-якому з закладів мережі <strong>&laquo;Алея смаку&raquo;</strong>, і вам вручається картка VIP-клієнта. Власник картки отримує право на знижку в наших закладах і в подальшому на її збільшення.<br />&nbsp; Також постійних клієнтів чекають повідомлення про нові акції та запрошення на розважальні програми (Новий рік, 8 березня ...).<br />&nbsp; Ми створювали, і будемо створювати в подальшому особливі умови для постійних клієнтів!</p>','programs','','',''),(4,'Контакты','Contacts','Контакти','<h2 style=\"text-align: center;\"><a name=\"rkka\"></a>Ресторанный комплекс \"Каштановая аллея\"</h2>\r\n<p style=\"text-align: center;\">Украина, г. Полтава, ул. Октябрьская, 58a.</p>\r\n<p style=\"text-align: center;\">Телефон/факс: +380 (532) 50-04-57/56-21-12.</p>\r\n<p style=\"text-align: center;\">E-mail:&nbsp;<a href=\"mailto:info@alleya-grand.com.ua\">info@alleya.com.ua</a>.</p>\r\n<p style=\"text-align: center;\">Сайт: <a href=\"http://www.alleya.com.ua/\">www.alleya.com.ua</a></p>\r\n<h4 style=\"text-align: center;\">Карта проезда</h4>\r\n<!-- Этот блок кода нужно вставить в ту часть страницы, где вы хотите разместить карту (начало) -->\r\n<div id=\"ymaps-map-id_1350211288331392911150\" style=\"width: 525px; height: 351px;\">&nbsp;</div>\r\n<div style=\"width: 525px; text-align: right;\"><a style=\"color: #1a3dc1; font: 13px Arial, Helvetica, sans-serif;\" href=\"http://api.yandex.ru/maps/tools/constructor/index.xml\" target=\"_blank\">Создано с помощью инструментов Яндекс.Карт</a>&nbsp;</div>\r\n<script type=\"text/javascript\">// <![CDATA[\r\nfunction fid_1350211288331392911150(ymaps) {var map = new ymaps.Map(\"ymaps-map-id_1350211288331392911150\", {center: [34.53946501586915, 49.59593881932138], zoom: 16, type: \"yandex#map\"});map.controls.add(\"zoomControl\").add(\"mapTools\").add(new ymaps.control.TypeSelector([\"yandex#map\", \"yandex#satellite\", \"yandex#hybrid\", \"yandex#publicMap\"]));map.geoObjects.add(new ymaps.Placemark([34.53946501586846, 49.595641687493575], {balloonContent: \'Ресторанный комплекс \"Каштановая аллея\"\'}, {preset: \"twirl#greenDotIcon\"}));};\r\n// ]]></script>\r\n<script src=\"http://api-maps.yandex.ru/2.0-stable/?lang=ru-RU&amp;coordorder=longlat&amp;load=package.full&amp;wizard=constructor&amp;onload=fid_1350211288331392911150\" type=\"text/javascript\"></script>\r\n<!-- Этот блок кода нужно вставить в ту часть страницы, где вы хотите разместить карту (конец) -->\r\n<p style=\"text-align: center;\">&nbsp;</p>\r\n<h2 style=\"text-align: center;\"><a name=\"lotos\"></a>СПА-салон &laquo;Лотос&raquo;</h2>\r\n<p style=\"text-align: center;\">Украина, г. Полтава, ул. Освитянская, 6.</p>\r\n<p style=\"text-align: center;\">Телефон: +380 (532) 58-08-50.</p>\r\n<h4 style=\"text-align: center;\">Карта проезда</h4>\r\n<!-- Этот блок кода нужно вставить в ту часть страницы, где вы хотите разместить карту (начало) -->\r\n<div id=\"ymaps-map-id_1350211288331392913269\" style=\"width: 525px; height: 351px;\">&nbsp;</div>\r\n<div style=\"width: 525px; text-align: right;\"><a style=\"color: #1a3dc1; font: 13px Arial, Helvetica, sans-serif;\" href=\"http://api.yandex.ru/maps/tools/constructor/index.xml\" target=\"_blank\">Создано с помощью инструментов Яндекс.Карт</a>&nbsp;</div>\r\n<script type=\"text/javascript\">// <![CDATA[\r\nfunction fid_1350211288331392913269(ymaps) {var map = new ymaps.Map(\"ymaps-map-id_1350211288331392913269\", {center: [34.52174399999999, 49.57222686165629], zoom: 16, type: \"yandex#map\"});map.controls.add(\"zoomControl\").add(\"mapTools\").add(new ymaps.control.TypeSelector([\"yandex#map\", \"yandex#satellite\", \"yandex#hybrid\", \"yandex#publicMap\"]));map.geoObjects.add(new ymaps.Placemark([34.52184055952416, 49.57159890539756], {balloonContent: \"СПА-салон «Лотос»\"}, {preset: \"twirl#greenDotIcon\"}));};\r\n// ]]></script>\r\n<script src=\"http://api-maps.yandex.ru/2.0-stable/?lang=ru-RU&amp;coordorder=longlat&amp;load=package.full&amp;wizard=constructor&amp;onload=fid_1350211288331392913269\" type=\"text/javascript\"></script>\r\n<!-- Этот блок кода нужно вставить в ту часть страницы, где вы хотите разместить карту (конец) -->\r\n<p style=\"text-align: center;\">&nbsp;</p>\r\n<h2 style=\"text-align: center;\"><a name=\"bochka\"></a>Кафе-бар \"Бочка\"&nbsp;</h2>\r\n<p style=\"text-align: center;\">Украина, г. Полтава, ул. Освитянская, 6.</p>\r\n<p style=\"text-align: center;\">Телефон: +380 (532) 58-82-22.</p>\r\n<h4 style=\"text-align: center;\">Карта проезда</h4>\r\n<!-- Этот блок кода нужно вставить в ту часть страницы, где вы хотите разместить карту (начало) -->\r\n<div id=\"ymaps-map-id_1350211288331392914064\" style=\"width: 525px; height: 351px;\">&nbsp;</div>\r\n<div style=\"width: 525px; text-align: right;\"><a style=\"color: #1a3dc1; font: 13px Arial, Helvetica, sans-serif;\" href=\"http://api.yandex.ru/maps/tools/constructor/index.xml\" target=\"_blank\">Создано с помощью инструментов Яндекс.Карт</a>&nbsp;</div>\r\n<script type=\"text/javascript\">// <![CDATA[\r\nfunction fid_1350211288331392914064(ymaps) {var map = new ymaps.Map(\"ymaps-map-id_1350211288331392914064\", {center: [34.52174399999999, 49.572415247072804], zoom: 16, type: \"yandex#map\"});map.controls.add(\"zoomControl\").add(\"mapTools\").add(new ymaps.control.TypeSelector([\"yandex#map\", \"yandex#satellite\", \"yandex#hybrid\", \"yandex#publicMap\"]));map.geoObjects.add(new ymaps.Placemark([34.52184055952416, 49.57159890539756], {balloonContent: \'Кафе-бар \"Бочка\"\'}, {preset: \"twirl#greenDotIcon\"}));};\r\n// ]]></script>\r\n<script src=\"http://api-maps.yandex.ru/2.0-stable/?lang=ru-RU&amp;coordorder=longlat&amp;load=package.full&amp;wizard=constructor&amp;onload=fid_1350211288331392914064\" type=\"text/javascript\"></script>\r\n<!-- Этот блок кода нужно вставить в ту часть страницы, где вы хотите разместить карту (конец) -->\r\n<h2 style=\"text-align: center;\">&nbsp;<a name=\"ag\"></a>Гостиница &laquo;Алея Гранд&raquo;,<br />ресторан &laquo;Раффинато&raquo;, бар &laquo;Нега&raquo;</h2>\r\n<p style=\"text-align: center;\">Украина, 36000, г. Полтава, ул. Октябрьская, 57.</p>\r\n<p style=\"text-align: center;\">Телефон/факс гостиницы: +380 (532) 57-97-37.</p>\r\n<p style=\"text-align: center;\">Телефон ресторана и бара: +380 (532) 57-97-87.</p>\r\n<p style=\"text-align: center;\">E-mail:&nbsp;<a href=\"mailto:info@alleya-grand.com.ua\">info@alleya-grand.com.ua</a>.</p>\r\n<p style=\"text-align: center;\">Сайт: <a href=\"http://alleya-grand.com.ua/\">alleya-grand.com.ua</a></p>\r\n<h4 style=\"text-align: center;\">Карта проезда</h4>\r\n<!-- Этот блок кода нужно вставить в ту часть страницы, где вы хотите разместить карту (начало) -->\r\n<div id=\"ymaps-map-id_1350211288331392915722\" style=\"width: 525px; height: 351px;\">&nbsp;</div>\r\n<div style=\"width: 525px; text-align: right;\"><a style=\"color: #1a3dc1; font: 13px Arial, Helvetica, sans-serif;\" href=\"http://api.yandex.ru/maps/tools/constructor/index.xml\" target=\"_blank\">Создано с помощью инструментов Яндекс.Карт</a>&nbsp;</div>\r\n<script type=\"text/javascript\">// <![CDATA[\r\nfunction fid_1350211288331392915722(ymaps) {var map = new ymaps.Map(\"ymaps-map-id_1350211288331392915722\", {center: [34.53886370370479, 49.59525893046307], zoom: 16, type: \"yandex#map\"});map.controls.add(\"zoomControl\").add(\"mapTools\").add(new ymaps.control.TypeSelector([\"yandex#map\", \"yandex#satellite\", \"yandex#hybrid\", \"yandex#publicMap\"]));map.geoObjects.add(new ymaps.Placemark([34.538756915343974, 49.59490374014485], {balloonContent: \"Гостиница «Алея Гранд»,<br />ресторан «Раффинато», бар «Нега»\"}, {preset: \"twirl#greenDotIcon\"}));};\r\n// ]]></script>\r\n<script src=\"http://api-maps.yandex.ru/2.0-stable/?lang=ru-RU&amp;coordorder=longlat&amp;load=package.full&amp;wizard=constructor&amp;onload=fid_1350211288331392915722\" type=\"text/javascript\"></script>\r\n<!-- Этот блок кода нужно вставить в ту часть страницы, где вы хотите разместить карту (конец) -->\r\n<p style=\"text-align: center;\">&nbsp;</p>\r\n<h2 style=\"text-align: center;\"><a name=\"evropa\"></a>Кафе-бар &laquo;Европа&raquo;</h2>\r\n<p style=\"text-align: center;\">Украина, г. Полтава, площадь Независимости, 5б.</p>\r\n<p style=\"text-align: center;\">Телефон: +380 (532) 60-00-10/60-01-00.</p>\r\n<h4 style=\"text-align: center;\">Карта проезда&nbsp;</h4>\r\n<!-- Этот блок кода нужно вставить в ту часть страницы, где вы хотите разместить карту (начало) -->\r\n<div id=\"ymaps-map-id_1350211288331392918433\" style=\"width: 525px; height: 351px;\">&nbsp;</div>\r\n<div style=\"width: 525px; text-align: right;\"><a style=\"color: #1a3dc1; font: 13px Arial, Helvetica, sans-serif;\" href=\"http://api.yandex.ru/maps/tools/constructor/index.xml\" target=\"_blank\">Создано с помощью инструментов Яндекс.Карт</a>&nbsp;</div>\r\n<script type=\"text/javascript\">// <![CDATA[\r\nfunction fid_1350211288331392918433(ymaps) {var map = new ymaps.Map(\"ymaps-map-id_1350211288331392918433\", {center: [34.54737299999996, 49.59441794830103], zoom: 16, type: \"yandex#map\"});map.controls.add(\"zoomControl\").add(\"mapTools\").add(new ymaps.control.TypeSelector([\"yandex#map\", \"yandex#satellite\", \"yandex#hybrid\", \"yandex#publicMap\"]));map.geoObjects.add(new ymaps.Placemark([34.54852098545801, 49.593427621861984], {balloonContent: \"Кафе-бар «Европа»\"}, {preset: \"twirl#greenDotIcon\"}));};\r\n// ]]></script>\r\n<script src=\"http://api-maps.yandex.ru/2.0-stable/?lang=ru-RU&amp;coordorder=longlat&amp;load=package.full&amp;wizard=constructor&amp;onload=fid_1350211288331392918433\" type=\"text/javascript\"></script>\r\n<!-- Этот блок кода нужно вставить в ту часть страницы, где вы хотите разместить карту (конец) -->\r\n<p style=\"text-align: center;\">&nbsp;</p>\r\n<h2 style=\"text-align: center;\"><a name=\"poseydon\"></a>Ресторан-бар \"Посейдон\"</h2>\r\n<p style=\"text-align: center;\">Украина, 36000, г. Полтава, ул. 23 Сентября, 19.</p>\r\n<p style=\"text-align: center;\">Телефон: +380 (532) 63-50-42.</p>\r\n<h4 style=\"text-align: center;\">Карта проезда&nbsp;</h4>\r\n<!-- Этот блок кода нужно вставить в ту часть страницы, где вы хотите разместить карту (начало) -->\r\n<div id=\"ymaps-map-id_1350211288331392920127\" style=\"width: 525px; height: 351px;\">&nbsp;</div>\r\n<div style=\"width: 525px; text-align: right;\"><a style=\"color: #1a3dc1; font: 13px Arial, Helvetica, sans-serif;\" href=\"http://api.yandex.ru/maps/tools/constructor/index.xml\" target=\"_blank\">Создано с помощью инструментов Яндекс.Карт</a>&nbsp;</div>\r\n<script type=\"text/javascript\">// <![CDATA[\r\nfunction fid_1350211288331392920127(ymaps) {var map = new ymaps.Map(\"ymaps-map-id_1350211288331392920127\", {center: [34.50508049999996, 49.569775404745535], zoom: 16, type: \"yandex#map\"});map.controls.add(\"zoomControl\").add(\"mapTools\").add(new ymaps.control.TypeSelector([\"yandex#map\", \"yandex#satellite\", \"yandex#hybrid\", \"yandex#publicMap\"]));map.geoObjects.add(new ymaps.Placemark([34.50506977116384, 49.56906368403055], {balloonContent: \'Ресторан-бар \"Посейдон\"\'}, {preset: \"twirl#greenDotIcon\"}));};\r\n// ]]></script>\r\n<script src=\"http://api-maps.yandex.ru/2.0-stable/?lang=ru-RU&amp;coordorder=longlat&amp;load=package.full&amp;wizard=constructor&amp;onload=fid_1350211288331392920127\" type=\"text/javascript\"></script>\r\n<!-- Этот блок кода нужно вставить в ту часть страницы, где вы хотите разместить карту (конец) -->\r\n<h4 style=\"text-align: center;\">&nbsp;</h4>\r\n<h2 style=\"text-align: center;\"><a name=\"kazachka\"></a>Ресторан \"Казачка\"&nbsp;</h2>\r\n<p style=\"text-align: center;\">Украина, г. Полтава, ул. Ленина, 34а.</p>\r\n<p style=\"text-align: center;\">Телефон: +380 (532) 56-95-36.</p>\r\n<h4 style=\"text-align: center;\">Карта проезда</h4>\r\n<!-- Этот блок кода нужно вставить в ту часть страницы, где вы хотите разместить карту (начало) -->\r\n<div id=\"ymaps-map-id_1350211288331392922324\" style=\"width: 525px; height: 351px;\">&nbsp;</div>\r\n<div style=\"width: 525px; text-align: right;\"><a style=\"color: #1a3dc1; font: 13px Arial, Helvetica, sans-serif;\" href=\"http://api.yandex.ru/maps/tools/constructor/index.xml\" target=\"_blank\">Создано с помощью инструментов Яндекс.Карт</a>&nbsp;</div>\r\n<script type=\"text/javascript\">// <![CDATA[\r\nfunction fid_1350211288331392922324(ymaps) {var map = new ymaps.Map(\"ymaps-map-id_1350211288331392922324\", {center: [34.563787970092584, 49.581038830830636], zoom: 16, type: \"yandex#map\"});map.controls.add(\"zoomControl\").add(\"mapTools\").add(new ymaps.control.TypeSelector([\"yandex#map\", \"yandex#satellite\", \"yandex#hybrid\", \"yandex#publicMap\"]));map.geoObjects.add(new ymaps.Placemark([34.56424669842485, 49.580232356137756], {balloonContent: \'Ресторан \"Казачка\"\'}, {preset: \"twirl#greenDotIcon\"}));};\r\n// ]]></script>\r\n<script src=\"http://api-maps.yandex.ru/2.0-stable/?lang=ru-RU&amp;coordorder=longlat&amp;load=package.full&amp;wizard=constructor&amp;onload=fid_1350211288331392922324\" type=\"text/javascript\"></script>\r\n<!-- Этот блок кода нужно вставить в ту часть страницы, где вы хотите разместить карту (конец) -->\r\n<p style=\"text-align: center;\">&nbsp;</p>','<h2 style=\"text-align: center;\">\"The Kashtanova Aleya\" restaurant complex</h2>\r\n<p style=\"text-align: center;\">58a Oktyabrska st., Poltava, Ukraine.</p>\r\n<p style=\"text-align: center;\">Phone/fax: +380 (532) 50-04-57/56-21-12.</p>\r\n<p style=\"text-align: center;\">E-mail:&nbsp;<a href=\"mailto:info@alleya-grand.com.ua\">info@alleya.com.ua</a>.</p>\r\n<p style=\"text-align: center;\">Site: <a href=\"http://www.alleya.com.ua/\">www.alleya.com.ua</a></p>\r\n<h4 style=\"text-align: center;\">Location map</h4>\r\n<!-- Этот блок кода нужно вставить в ту часть страницы, где вы хотите разместить карту (начало) -->\r\n<div id=\"ymaps-map-id_1350211288331392911150\" style=\"width: 525px; height: 351px;\">&nbsp;</div>\r\n<div style=\"width: 525px; text-align: right;\"><a style=\"color: #1a3dc1; font: 13px Arial, Helvetica, sans-serif;\" href=\"http://api.yandex.ru/maps/tools/constructor/index.xml\" target=\"_blank\">Создано с помощью инструментов Яндекс.Карт</a>&nbsp;</div>\r\n<script type=\"text/javascript\">// <![CDATA[\r\nfunction fid_1350211288331392911150(ymaps) {var map = new ymaps.Map(\"ymaps-map-id_1350211288331392911150\", {center: [34.53946501586915, 49.59593881932138], zoom: 16, type: \"yandex#map\"});map.controls.add(\"zoomControl\").add(\"mapTools\").add(new ymaps.control.TypeSelector([\"yandex#map\", \"yandex#satellite\", \"yandex#hybrid\", \"yandex#publicMap\"]));map.geoObjects.add(new ymaps.Placemark([34.53946501586846, 49.595641687493575], {balloonContent: \'Ресторанный комплекс \"Каштановая аллея\"\'}, {preset: \"twirl#greenDotIcon\"}));};\r\n// ]]></script>\r\n<script src=\"http://api-maps.yandex.ru/2.0-stable/?lang=ru-RU&amp;coordorder=longlat&amp;load=package.full&amp;wizard=constructor&amp;onload=fid_1350211288331392911150\" type=\"text/javascript\"></script>\r\n<!-- Этот блок кода нужно вставить в ту часть страницы, где вы хотите разместить карту (конец) -->\r\n<p style=\"text-align: center;\">&nbsp;</p>\r\n<h2 style=\"text-align: center;\">\"The Lotos\" SPA</h2>\r\n<p style=\"text-align: center;\">6 Osvityanskaya st., Poltava, Ukraine.</p>\r\n<p style=\"text-align: center;\">Phone: +380 (532) 58-08-50.</p>\r\n<h4 style=\"text-align: center;\">Location map</h4>\r\n<!-- Этот блок кода нужно вставить в ту часть страницы, где вы хотите разместить карту (начало) -->\r\n<div id=\"ymaps-map-id_1350211288331392913269\" style=\"width: 525px; height: 351px;\">&nbsp;</div>\r\n<div style=\"width: 525px; text-align: right;\"><a style=\"color: #1a3dc1; font: 13px Arial, Helvetica, sans-serif;\" href=\"http://api.yandex.ru/maps/tools/constructor/index.xml\" target=\"_blank\">Создано с помощью инструментов Яндекс.Карт</a>&nbsp;</div>\r\n<script type=\"text/javascript\">// <![CDATA[\r\nfunction fid_1350211288331392913269(ymaps) {var map = new ymaps.Map(\"ymaps-map-id_1350211288331392913269\", {center: [34.52174399999999, 49.57222686165629], zoom: 16, type: \"yandex#map\"});map.controls.add(\"zoomControl\").add(\"mapTools\").add(new ymaps.control.TypeSelector([\"yandex#map\", \"yandex#satellite\", \"yandex#hybrid\", \"yandex#publicMap\"]));map.geoObjects.add(new ymaps.Placemark([34.52184055952416, 49.57159890539756], {balloonContent: \"СПА-салон «Лотос»\"}, {preset: \"twirl#greenDotIcon\"}));};\r\n// ]]></script>\r\n<script src=\"http://api-maps.yandex.ru/2.0-stable/?lang=ru-RU&amp;coordorder=longlat&amp;load=package.full&amp;wizard=constructor&amp;onload=fid_1350211288331392913269\" type=\"text/javascript\"></script>\r\n<!-- Этот блок кода нужно вставить в ту часть страницы, где вы хотите разместить карту (конец) -->\r\n<p style=\"text-align: center;\">&nbsp;</p>\r\n<h2 style=\"text-align: center;\">\"The Bochka\" caf&eacute;-bar&nbsp;</h2>\r\n<p style=\"text-align: center;\">6 Osvityanskaya st., Poltava, Ukraine.</p>\r\n<p style=\"text-align: center;\">Phone: +380 (532) 58-82-22.</p>\r\n<h4 style=\"text-align: center;\">Location map</h4>\r\n<!-- Этот блок кода нужно вставить в ту часть страницы, где вы хотите разместить карту (начало) -->\r\n<div id=\"ymaps-map-id_1350211288331392914064\" style=\"width: 525px; height: 351px;\">&nbsp;</div>\r\n<div style=\"width: 525px; text-align: right;\"><a style=\"color: #1a3dc1; font: 13px Arial, Helvetica, sans-serif;\" href=\"http://api.yandex.ru/maps/tools/constructor/index.xml\" target=\"_blank\">Создано с помощью инструментов Яндекс.Карт</a>&nbsp;</div>\r\n<script type=\"text/javascript\">// <![CDATA[\r\nfunction fid_1350211288331392914064(ymaps) {var map = new ymaps.Map(\"ymaps-map-id_1350211288331392914064\", {center: [34.52174399999999, 49.572415247072804], zoom: 16, type: \"yandex#map\"});map.controls.add(\"zoomControl\").add(\"mapTools\").add(new ymaps.control.TypeSelector([\"yandex#map\", \"yandex#satellite\", \"yandex#hybrid\", \"yandex#publicMap\"]));map.geoObjects.add(new ymaps.Placemark([34.52184055952416, 49.57159890539756], {balloonContent: \'Кафе-бар \"Бочка\"\'}, {preset: \"twirl#greenDotIcon\"}));};\r\n// ]]></script>\r\n<script src=\"http://api-maps.yandex.ru/2.0-stable/?lang=ru-RU&amp;coordorder=longlat&amp;load=package.full&amp;wizard=constructor&amp;onload=fid_1350211288331392914064\" type=\"text/javascript\"></script>\r\n<!-- Этот блок кода нужно вставить в ту часть страницы, где вы хотите разместить карту (конец) -->\r\n<h2 style=\"text-align: center;\">&nbsp;\"The Aleya Grand\" hotel,<br />\"The Raffinato\" restaurant, \"The Nega\" bar</h2>\r\n<p style=\"text-align: center;\">57 Oktyabrska st, Poltava, Ukraine.</p>\r\n<p style=\"text-align: center;\">Hotel phone/fax: +380 (532) 57-97-37.</p>\r\n<p style=\"text-align: center;\">Restaurant and bar&nbsp;phone: +380 (532) 57-97-87.</p>\r\n<p style=\"text-align: center;\">E-mail:&nbsp;<a href=\"mailto:info@alleya-grand.com.ua\">info@alleya-grand.com.ua</a>.</p>\r\n<p style=\"text-align: center;\">Site: <a href=\"http://alleya-grand.com.ua/\">alleya-grand.com.ua</a></p>\r\n<h4 style=\"text-align: center;\">Location map</h4>\r\n<!-- Этот блок кода нужно вставить в ту часть страницы, где вы хотите разместить карту (начало) -->\r\n<div id=\"ymaps-map-id_1350211288331392915722\" style=\"width: 525px; height: 351px;\">&nbsp;</div>\r\n<div style=\"width: 525px; text-align: right;\"><a style=\"color: #1a3dc1; font: 13px Arial, Helvetica, sans-serif;\" href=\"http://api.yandex.ru/maps/tools/constructor/index.xml\" target=\"_blank\">Создано с помощью инструментов Яндекс.Карт</a>&nbsp;</div>\r\n<script type=\"text/javascript\">// <![CDATA[\r\nfunction fid_1350211288331392915722(ymaps) {var map = new ymaps.Map(\"ymaps-map-id_1350211288331392915722\", {center: [34.53886370370479, 49.59525893046307], zoom: 16, type: \"yandex#map\"});map.controls.add(\"zoomControl\").add(\"mapTools\").add(new ymaps.control.TypeSelector([\"yandex#map\", \"yandex#satellite\", \"yandex#hybrid\", \"yandex#publicMap\"]));map.geoObjects.add(new ymaps.Placemark([34.538756915343974, 49.59490374014485], {balloonContent: \"Гостиница «Алея Гранд»,<br />ресторан «Раффинато», бар «Нега»\"}, {preset: \"twirl#greenDotIcon\"}));};\r\n// ]]></script>\r\n<script src=\"http://api-maps.yandex.ru/2.0-stable/?lang=ru-RU&amp;coordorder=longlat&amp;load=package.full&amp;wizard=constructor&amp;onload=fid_1350211288331392915722\" type=\"text/javascript\"></script>\r\n<!-- Этот блок кода нужно вставить в ту часть страницы, где вы хотите разместить карту (конец) -->\r\n<p style=\"text-align: center;\">&nbsp;</p>\r\n<h2 style=\"text-align: center;\">\"The Europe\" entertainment center</h2>\r\n<p style=\"text-align: center;\">5b ploshcha Nezalezhnosti, Poltava,&nbsp;Ukraine.</p>\r\n<p style=\"text-align: center;\">Phone: +380 (532) 60-00-10/60-01-00.</p>\r\n<h4 style=\"text-align: center;\">Location map&nbsp;</h4>\r\n<!-- Этот блок кода нужно вставить в ту часть страницы, где вы хотите разместить карту (начало) -->\r\n<div id=\"ymaps-map-id_1350211288331392918433\" style=\"width: 525px; height: 351px;\">&nbsp;</div>\r\n<div style=\"width: 525px; text-align: right;\"><a style=\"color: #1a3dc1; font: 13px Arial, Helvetica, sans-serif;\" href=\"http://api.yandex.ru/maps/tools/constructor/index.xml\" target=\"_blank\">Создано с помощью инструментов Яндекс.Карт</a>&nbsp;</div>\r\n<script type=\"text/javascript\">// <![CDATA[\r\nfunction fid_1350211288331392918433(ymaps) {var map = new ymaps.Map(\"ymaps-map-id_1350211288331392918433\", {center: [34.54737299999996, 49.59441794830103], zoom: 16, type: \"yandex#map\"});map.controls.add(\"zoomControl\").add(\"mapTools\").add(new ymaps.control.TypeSelector([\"yandex#map\", \"yandex#satellite\", \"yandex#hybrid\", \"yandex#publicMap\"]));map.geoObjects.add(new ymaps.Placemark([34.54852098545801, 49.593427621861984], {balloonContent: \"Кафе-бар «Европа»\"}, {preset: \"twirl#greenDotIcon\"}));};\r\n// ]]></script>\r\n<script src=\"http://api-maps.yandex.ru/2.0-stable/?lang=ru-RU&amp;coordorder=longlat&amp;load=package.full&amp;wizard=constructor&amp;onload=fid_1350211288331392918433\" type=\"text/javascript\"></script>\r\n<!-- Этот блок кода нужно вставить в ту часть страницы, где вы хотите разместить карту (конец) -->\r\n<p style=\"text-align: center;\">&nbsp;</p>\r\n<h2 style=\"text-align: center;\">\"The Poseydon\" bar-restaurant</h2>\r\n<p style=\"text-align: center;\">19 23th September st., Poltava, Ukraine.</p>\r\n<p style=\"text-align: center;\">Phone: +380 (532) 63-50-42.</p>\r\n<h4 style=\"text-align: center;\">Location map&nbsp;</h4>\r\n<!-- Этот блок кода нужно вставить в ту часть страницы, где вы хотите разместить карту (начало) -->\r\n<div id=\"ymaps-map-id_1350211288331392920127\" style=\"width: 525px; height: 351px;\">&nbsp;</div>\r\n<div style=\"width: 525px; text-align: right;\"><a style=\"color: #1a3dc1; font: 13px Arial, Helvetica, sans-serif;\" href=\"http://api.yandex.ru/maps/tools/constructor/index.xml\" target=\"_blank\">Создано с помощью инструментов Яндекс.Карт</a>&nbsp;</div>\r\n<script type=\"text/javascript\">// <![CDATA[\r\nfunction fid_1350211288331392920127(ymaps) {var map = new ymaps.Map(\"ymaps-map-id_1350211288331392920127\", {center: [34.50508049999996, 49.569775404745535], zoom: 16, type: \"yandex#map\"});map.controls.add(\"zoomControl\").add(\"mapTools\").add(new ymaps.control.TypeSelector([\"yandex#map\", \"yandex#satellite\", \"yandex#hybrid\", \"yandex#publicMap\"]));map.geoObjects.add(new ymaps.Placemark([34.50506977116384, 49.56906368403055], {balloonContent: \'Ресторан-бар \"Посейдон\"\'}, {preset: \"twirl#greenDotIcon\"}));};\r\n// ]]></script>\r\n<script src=\"http://api-maps.yandex.ru/2.0-stable/?lang=ru-RU&amp;coordorder=longlat&amp;load=package.full&amp;wizard=constructor&amp;onload=fid_1350211288331392920127\" type=\"text/javascript\"></script>\r\n<!-- Этот блок кода нужно вставить в ту часть страницы, где вы хотите разместить карту (конец) -->\r\n<h4 style=\"text-align: center;\">&nbsp;</h4>\r\n<h2 style=\"text-align: center;\">\"The Kazachka\" restaurant&nbsp;</h2>\r\n<p style=\"text-align: center;\">34a Lenina st, Poltava, Ukraine.</p>\r\n<p style=\"text-align: center;\">Phone: +380 (532) 56-95-36.</p>\r\n<h4 style=\"text-align: center;\">Location map</h4>\r\n<!-- Этот блок кода нужно вставить в ту часть страницы, где вы хотите разместить карту (начало) -->\r\n<div id=\"ymaps-map-id_1350211288331392922324\" style=\"width: 525px; height: 351px;\">&nbsp;</div>\r\n<div style=\"width: 525px; text-align: right;\"><a style=\"color: #1a3dc1; font: 13px Arial, Helvetica, sans-serif;\" href=\"http://api.yandex.ru/maps/tools/constructor/index.xml\" target=\"_blank\">Создано с помощью инструментов Яндекс.Карт</a>&nbsp;</div>\r\n<script type=\"text/javascript\">// <![CDATA[\r\nfunction fid_1350211288331392922324(ymaps) {var map = new ymaps.Map(\"ymaps-map-id_1350211288331392922324\", {center: [34.563787970092584, 49.581038830830636], zoom: 16, type: \"yandex#map\"});map.controls.add(\"zoomControl\").add(\"mapTools\").add(new ymaps.control.TypeSelector([\"yandex#map\", \"yandex#satellite\", \"yandex#hybrid\", \"yandex#publicMap\"]));map.geoObjects.add(new ymaps.Placemark([34.56424669842485, 49.580232356137756], {balloonContent: \'Ресторан \"Казачка\"\'}, {preset: \"twirl#greenDotIcon\"}));};\r\n// ]]></script>\r\n<script src=\"http://api-maps.yandex.ru/2.0-stable/?lang=ru-RU&amp;coordorder=longlat&amp;load=package.full&amp;wizard=constructor&amp;onload=fid_1350211288331392922324\" type=\"text/javascript\"></script>\r\n<!-- Этот блок кода нужно вставить в ту часть страницы, где вы хотите разместить карту (конец) -->\r\n<p style=\"text-align: center;\">&nbsp;</p>','<h2 style=\"text-align: center;\"><a name=\"rkka\"></a>Ресторанний комплекс \"Каштанова алея\"</h2>\r\n<p style=\"text-align: center;\">Україна, м. Полтава, вул. Жовтнева, 58a.</p>\r\n<p style=\"text-align: center;\">Телефон/факс: +380 (532) 50-04-57/56-21-12.</p>\r\n<p style=\"text-align: center;\">E-mail:&nbsp;<a href=\"mailto:info@alleya-grand.com.ua\">info@alleya.com.ua</a>.</p>\r\n<p style=\"text-align: center;\">Сайт: <a href=\"http://www.alleya.com.ua/\">www.alleya.com.ua</a></p>\r\n<h4 style=\"text-align: center;\">Карта проїзду</h4>\r\n<!-- Этот блок кода нужно вставить в ту часть страницы, где вы хотите разместить карту (начало) -->\r\n<div id=\"ymaps-map-id_1350211288331392911150\" style=\"width: 525px; height: 351px;\">&nbsp;</div>\r\n<div style=\"width: 525px; text-align: right;\"><a style=\"color: #1a3dc1; font: 13px Arial, Helvetica, sans-serif;\" href=\"http://api.yandex.ru/maps/tools/constructor/index.xml\" target=\"_blank\">Створено з допомогою інструментів Яндекс.Карт</a>&nbsp;</div>\r\n<script type=\"text/javascript\">// <![CDATA[\r\nfunction fid_1350211288331392911150(ymaps) {var map = new ymaps.Map(\"ymaps-map-id_1350211288331392911150\", {center: [34.53946501586915, 49.59593881932138], zoom: 16, type: \"yandex#map\"});map.controls.add(\"zoomControl\").add(\"mapTools\").add(new ymaps.control.TypeSelector([\"yandex#map\", \"yandex#satellite\", \"yandex#hybrid\", \"yandex#publicMap\"]));map.geoObjects.add(new ymaps.Placemark([34.53946501586846, 49.595641687493575], {balloonContent: \'Ресторанный комплекс \"Каштановая аллея\"\'}, {preset: \"twirl#greenDotIcon\"}));};\r\n// ]]></script>\r\n<script src=\"http://api-maps.yandex.ru/2.0-stable/?lang=ru-RU&amp;coordorder=longlat&amp;load=package.full&amp;wizard=constructor&amp;onload=fid_1350211288331392911150\" type=\"text/javascript\"></script>\r\n<!-- Этот блок кода нужно вставить в ту часть страницы, где вы хотите разместить карту (конец) -->\r\n<p style=\"text-align: center;\">&nbsp;</p>\r\n<h2 style=\"text-align: center;\"><a name=\"lotos\"></a>СПА-салон &laquo;Лотос&raquo;</h2>\r\n<p style=\"text-align: center;\">Україна, м. Полтава, вул. Освітянська, 6.</p>\r\n<p style=\"text-align: center;\">Телефон: +380 (532) 58-08-50.</p>\r\n<h4 style=\"text-align: center;\">Карта проїзду</h4>\r\n<!-- Этот блок кода нужно вставить в ту часть страницы, где вы хотите разместить карту (начало) -->\r\n<div id=\"ymaps-map-id_1350211288331392913269\" style=\"width: 525px; height: 351px;\">&nbsp;</div>\r\n<div style=\"width: 525px; text-align: right;\"><a style=\"color: #1a3dc1; font: 13px Arial, Helvetica, sans-serif;\" href=\"http://api.yandex.ru/maps/tools/constructor/index.xml\" target=\"_blank\">Створено з допомогою інструментів Яндекс.Карт</a>&nbsp;</div>\r\n<script type=\"text/javascript\">// <![CDATA[\r\nfunction fid_1350211288331392913269(ymaps) {var map = new ymaps.Map(\"ymaps-map-id_1350211288331392913269\", {center: [34.52174399999999, 49.57222686165629], zoom: 16, type: \"yandex#map\"});map.controls.add(\"zoomControl\").add(\"mapTools\").add(new ymaps.control.TypeSelector([\"yandex#map\", \"yandex#satellite\", \"yandex#hybrid\", \"yandex#publicMap\"]));map.geoObjects.add(new ymaps.Placemark([34.52184055952416, 49.57159890539756], {balloonContent: \"СПА-салон «Лотос»\"}, {preset: \"twirl#greenDotIcon\"}));};\r\n// ]]></script>\r\n<script src=\"http://api-maps.yandex.ru/2.0-stable/?lang=ru-RU&amp;coordorder=longlat&amp;load=package.full&amp;wizard=constructor&amp;onload=fid_1350211288331392913269\" type=\"text/javascript\"></script>\r\n<!-- Этот блок кода нужно вставить в ту часть страницы, где вы хотите разместить карту (конец) -->\r\n<p style=\"text-align: center;\">&nbsp;</p>\r\n<h2 style=\"text-align: center;\"><a name=\"bochka\"></a>Кафе-бар \"Бочка\"&nbsp;</h2>\r\n<p style=\"text-align: center;\">Україна, м. Полтава, вул. Освітянська, 6.</p>\r\n<p style=\"text-align: center;\">Телефон: +380 (532) 58-82-22.</p>\r\n<h4 style=\"text-align: center;\">Карта проїзду</h4>\r\n<!-- Этот блок кода нужно вставить в ту часть страницы, где вы хотите разместить карту (начало) -->\r\n<div id=\"ymaps-map-id_1350211288331392914064\" style=\"width: 525px; height: 351px;\">&nbsp;</div>\r\n<div style=\"width: 525px; text-align: right;\"><a style=\"color: #1a3dc1; font: 13px Arial, Helvetica, sans-serif;\" href=\"http://api.yandex.ru/maps/tools/constructor/index.xml\" target=\"_blank\">Створено з допомогою інструментів Яндекс.Карт</a>&nbsp;</div>\r\n<script type=\"text/javascript\">// <![CDATA[\r\nfunction fid_1350211288331392914064(ymaps) {var map = new ymaps.Map(\"ymaps-map-id_1350211288331392914064\", {center: [34.52174399999999, 49.572415247072804], zoom: 16, type: \"yandex#map\"});map.controls.add(\"zoomControl\").add(\"mapTools\").add(new ymaps.control.TypeSelector([\"yandex#map\", \"yandex#satellite\", \"yandex#hybrid\", \"yandex#publicMap\"]));map.geoObjects.add(new ymaps.Placemark([34.52184055952416, 49.57159890539756], {balloonContent: \'Кафе-бар \"Бочка\"\'}, {preset: \"twirl#greenDotIcon\"}));};\r\n// ]]></script>\r\n<script src=\"http://api-maps.yandex.ru/2.0-stable/?lang=ru-RU&amp;coordorder=longlat&amp;load=package.full&amp;wizard=constructor&amp;onload=fid_1350211288331392914064\" type=\"text/javascript\"></script>\r\n<!-- Этот блок кода нужно вставить в ту часть страницы, где вы хотите разместить карту (конец) -->\r\n<h2 style=\"text-align: center;\">&nbsp;<a name=\"ag\"></a>Готель &laquo;Алея Гранд&raquo;,<br />ресторан &laquo;Раффінато&raquo;, бар &laquo;Нега&raquo;</h2>\r\n<p style=\"text-align: center;\">Україна, м. Полтава, вул. Жовтнева, 57.</p>\r\n<p style=\"text-align: center;\">Телефон/факс готелю: +380 (532) 57-97-37.</p>\r\n<p style=\"text-align: center;\">Телефон ресторану та бару: +380 (532) 57-97-87.</p>\r\n<p style=\"text-align: center;\">E-mail:&nbsp;<a href=\"mailto:info@alleya-grand.com.ua\">info@alleya-grand.com.ua</a>.</p>\r\n<p style=\"text-align: center;\">Сайт: <a href=\"http://alleya-grand.com.ua/\">alleya-grand.com.ua</a></p>\r\n<h4 style=\"text-align: center;\">Карта проїзду</h4>\r\n<!-- Этот блок кода нужно вставить в ту часть страницы, где вы хотите разместить карту (начало) -->\r\n<div id=\"ymaps-map-id_1350211288331392915722\" style=\"width: 525px; height: 351px;\">&nbsp;</div>\r\n<div style=\"width: 525px; text-align: right;\"><a style=\"color: #1a3dc1; font: 13px Arial, Helvetica, sans-serif;\" href=\"http://api.yandex.ru/maps/tools/constructor/index.xml\" target=\"_blank\">Створено з допомогою інструментів Яндекс.Карт</a>&nbsp;</div>\r\n<script type=\"text/javascript\">// <![CDATA[\r\nfunction fid_1350211288331392915722(ymaps) {var map = new ymaps.Map(\"ymaps-map-id_1350211288331392915722\", {center: [34.53886370370479, 49.59525893046307], zoom: 16, type: \"yandex#map\"});map.controls.add(\"zoomControl\").add(\"mapTools\").add(new ymaps.control.TypeSelector([\"yandex#map\", \"yandex#satellite\", \"yandex#hybrid\", \"yandex#publicMap\"]));map.geoObjects.add(new ymaps.Placemark([34.538756915343974, 49.59490374014485], {balloonContent: \"Гостиница «Алея Гранд»,<br />ресторан «Раффинато», бар «Нега»\"}, {preset: \"twirl#greenDotIcon\"}));};\r\n// ]]></script>\r\n<script src=\"http://api-maps.yandex.ru/2.0-stable/?lang=ru-RU&amp;coordorder=longlat&amp;load=package.full&amp;wizard=constructor&amp;onload=fid_1350211288331392915722\" type=\"text/javascript\"></script>\r\n<!-- Этот блок кода нужно вставить в ту часть страницы, где вы хотите разместить карту (конец) -->\r\n<p style=\"text-align: center;\">&nbsp;</p>\r\n<h2 style=\"text-align: center;\"><a name=\"evropa\"></a>Кафе-бар &laquo;Європа&raquo;</h2>\r\n<p style=\"text-align: center;\">Україна, м. Полтава, площа Незалежності, 5б.</p>\r\n<p style=\"text-align: center;\">Телефон: +380 (532) 60-00-10/60-01-00.</p>\r\n<h4 style=\"text-align: center;\">Карта проїзду&nbsp;</h4>\r\n<!-- Этот блок кода нужно вставить в ту часть страницы, где вы хотите разместить карту (начало) -->\r\n<div id=\"ymaps-map-id_1350211288331392918433\" style=\"width: 525px; height: 351px;\">&nbsp;</div>\r\n<div style=\"width: 525px; text-align: right;\"><a style=\"color: #1a3dc1; font: 13px Arial, Helvetica, sans-serif;\" href=\"http://api.yandex.ru/maps/tools/constructor/index.xml\" target=\"_blank\">Створено з допомогою інструментів Яндекс.Карт</a>&nbsp;</div>\r\n<script type=\"text/javascript\">// <![CDATA[\r\nfunction fid_1350211288331392918433(ymaps) {var map = new ymaps.Map(\"ymaps-map-id_1350211288331392918433\", {center: [34.54737299999996, 49.59441794830103], zoom: 16, type: \"yandex#map\"});map.controls.add(\"zoomControl\").add(\"mapTools\").add(new ymaps.control.TypeSelector([\"yandex#map\", \"yandex#satellite\", \"yandex#hybrid\", \"yandex#publicMap\"]));map.geoObjects.add(new ymaps.Placemark([34.54852098545801, 49.593427621861984], {balloonContent: \"Кафе-бар «Европа»\"}, {preset: \"twirl#greenDotIcon\"}));};\r\n// ]]></script>\r\n<script src=\"http://api-maps.yandex.ru/2.0-stable/?lang=ru-RU&amp;coordorder=longlat&amp;load=package.full&amp;wizard=constructor&amp;onload=fid_1350211288331392918433\" type=\"text/javascript\"></script>\r\n<!-- Этот блок кода нужно вставить в ту часть страницы, где вы хотите разместить карту (конец) -->\r\n<p style=\"text-align: center;\">&nbsp;</p>\r\n<h2 style=\"text-align: center;\"><a name=\"poseydon\"></a>Ресторан-бар \"Посейдон\"</h2>\r\n<p style=\"text-align: center;\">Україна, 36000, м. Полтава, вул. 23 Вересня, 19.</p>\r\n<p style=\"text-align: center;\">Телефон: +380 (532) 63-50-42.</p>\r\n<h4 style=\"text-align: center;\">Карта проїзду&nbsp;</h4>\r\n<!-- Этот блок кода нужно вставить в ту часть страницы, где вы хотите разместить карту (начало) -->\r\n<div id=\"ymaps-map-id_1350211288331392920127\" style=\"width: 525px; height: 351px;\">&nbsp;</div>\r\n<div style=\"width: 525px; text-align: right;\"><a style=\"color: #1a3dc1; font: 13px Arial, Helvetica, sans-serif;\" href=\"http://api.yandex.ru/maps/tools/constructor/index.xml\" target=\"_blank\">Створено з допомогою інструментів Яндекс.Карт</a>&nbsp;</div>\r\n<script type=\"text/javascript\">// <![CDATA[\r\nfunction fid_1350211288331392920127(ymaps) {var map = new ymaps.Map(\"ymaps-map-id_1350211288331392920127\", {center: [34.50508049999996, 49.569775404745535], zoom: 16, type: \"yandex#map\"});map.controls.add(\"zoomControl\").add(\"mapTools\").add(new ymaps.control.TypeSelector([\"yandex#map\", \"yandex#satellite\", \"yandex#hybrid\", \"yandex#publicMap\"]));map.geoObjects.add(new ymaps.Placemark([34.50506977116384, 49.56906368403055], {balloonContent: \'Ресторан-бар \"Посейдон\"\'}, {preset: \"twirl#greenDotIcon\"}));};\r\n// ]]></script>\r\n<script src=\"http://api-maps.yandex.ru/2.0-stable/?lang=ru-RU&amp;coordorder=longlat&amp;load=package.full&amp;wizard=constructor&amp;onload=fid_1350211288331392920127\" type=\"text/javascript\"></script>\r\n<!-- Этот блок кода нужно вставить в ту часть страницы, где вы хотите разместить карту (конец) -->\r\n<h4 style=\"text-align: center;\">&nbsp;</h4>\r\n<h2 style=\"text-align: center;\"><a name=\"kazachka\"></a>Ресторан \"Козачка\"&nbsp;</h2>\r\n<p style=\"text-align: center;\">Україна, м. Полтава, вул. Леніна, 34а.</p>\r\n<p style=\"text-align: center;\">Телефон: +380 (532) 56-95-36.</p>\r\n<h4 style=\"text-align: center;\">Карта проїзду</h4>\r\n<!-- Этот блок кода нужно вставить в ту часть страницы, где вы хотите разместить карту (начало) -->\r\n<div id=\"ymaps-map-id_1350211288331392922324\" style=\"width: 525px; height: 351px;\">&nbsp;</div>\r\n<div style=\"width: 525px; text-align: right;\"><a style=\"color: #1a3dc1; font: 13px Arial, Helvetica, sans-serif;\" href=\"http://api.yandex.ru/maps/tools/constructor/index.xml\" target=\"_blank\">Створено з допомогою інструментів Яндекс.Карт</a>&nbsp;</div>\r\n<script type=\"text/javascript\">// <![CDATA[\r\nfunction fid_1350211288331392922324(ymaps) {var map = new ymaps.Map(\"ymaps-map-id_1350211288331392922324\", {center: [34.563787970092584, 49.581038830830636], zoom: 16, type: \"yandex#map\"});map.controls.add(\"zoomControl\").add(\"mapTools\").add(new ymaps.control.TypeSelector([\"yandex#map\", \"yandex#satellite\", \"yandex#hybrid\", \"yandex#publicMap\"]));map.geoObjects.add(new ymaps.Placemark([34.56424669842485, 49.580232356137756], {balloonContent: \'Ресторан \"Казачка\"\'}, {preset: \"twirl#greenDotIcon\"}));};\r\n// ]]></script>\r\n<script src=\"http://api-maps.yandex.ru/2.0-stable/?lang=ru-RU&amp;coordorder=longlat&amp;load=package.full&amp;wizard=constructor&amp;onload=fid_1350211288331392922324\" type=\"text/javascript\"></script>\r\n<!-- Этот блок кода нужно вставить в ту часть страницы, где вы хотите разместить карту (конец) -->\r\n<p style=\"text-align: center;\">&nbsp;</p>','contacts','','',''),(5,'Главная','Main','Головна','<p style=\"text-align: justify;\"><img style=\"display: block; margin-left: auto; margin-right: auto;\" src=\"../../../../userfiles/as-2.png\" alt=\"\" width=\"163\" height=\"118\" /></p>\r\n<p style=\"text-align: justify;\"><strong>&nbsp; &nbsp;&laquo;Алея Смаку&raquo;</strong> - крупная, динамично развивающаяся сеть заведений, общепризнанный лидер ресторанного рынка Полтавы. <br />&nbsp; В корпорацию <strong>&laquo;Алея Смаку&raquo;</strong>, на сегодняшний день, входят ресторанный комплекс <strong>&laquo;Каштанова аллея&raquo;</strong>, ресторан <strong>&laquo;Посейдон&raquo;</strong>, гостиница <strong>&laquo;Алея Гранд&raquo;</strong>, ресторан <strong>&laquo;Раффинато&raquo;</strong>, <strong>&laquo;Нега&raquo;</strong>-бар, кафе-бар <strong>&laquo;Бочка&raquo;</strong>, ресторан <strong>&laquo;Казачка&raquo;</strong>, СПА салон <strong>&laquo;Лотос&raquo;</strong>, кафе-бар <strong>&laquo;Европа&raquo;</strong> с боулинг-клубом <strong>&laquo;Бум у місті&raquo;</strong>. Секрет успеха компании, по мнению учредителей, в том, что <strong>&laquo;Алея Смаку&raquo;</strong> - это, прежде всего, компания единомышленников, а ее достижения &ndash; следствие не только четких бизнес-расчетов, но и труда каждого участника команды. В компании работают более 400 сотрудников, которые беспрерывно обеспечивают высококачественный сервис и создают хорошее настроение гостям.<br />&nbsp; Посетив наши заведения впервые, Вы навсегда окажетесь среди наших постоянных клиентов и вернетесь к нам вновь и вновь.<br />&nbsp; Сеть заведений <strong>&laquo;Алея Смаку&raquo;</strong> - это гарантия качественного, комфортного и беззаботного отдыха.</p>\r\n<p style=\"text-align: center;\"><br /> Корпорация <strong>&laquo;Алея Смаку&raquo;</strong> - &laquo;Только там, где лучше всего!&raquo;</p>\r\n<p>&nbsp;</p>\r\n<p><em><span style=\"font-family: &quot;georgia&quot;, &quot;palatino&quot;; font-size: small;\"><br /></span></em></p>','<p>&nbsp;<img style=\"display: block; margin-left: auto; margin-right: auto;\" src=\"../../../../userfiles/as-2.png\" alt=\"\" width=\"163\" height=\"118\" /></p>\r\n<p style=\"text-align: justify;\"><strong>\"Aleya Smaku\"</strong> is a large, robust catering chain, a recognized leader in the restaurant market of Poltava.<br /> As of today <strong>\"The Aleya Smaku\"</strong>&nbsp;corporation includes <strong>\"The Kashtanova Aleya\"</strong> restaurant complex, <strong>\"The Poseydon\"</strong> restaurant, <strong>\"The Aleya Grand\"</strong> hotel, <strong>\"The Raffinato\"</strong> restaurant, <strong>\"The Nega\"</strong> bar, <strong>\"The Bochka\"</strong>&nbsp;caf&eacute;-bar, <strong>\"The Kazachka\"</strong> restaurant, <strong>\"The Lotos\"</strong> SPA, <strong>\"The Europe\"</strong>&nbsp;caf&eacute;-bar with <strong>\"The Bum u Misti\"</strong> bowling club. According to the founders, the secret to the company&rsquo;s success rests upon the fact that <strong>\"Aleya Smaku\"</strong> is, above all, a company of the like-minded, and its achievements is a consequence of not only clear business calculations, but labour of each team member. The company has over 400 employees, who continuously provide high quality service and set a good mood for our guests.<br />Having visited our facilities for the first time, you will find yourself among our customers for ever and will come back over and over again.<br /> <strong>\"The Aleya Smaku\"</strong> catering chain is a guaranteed quality, comfort and time of joy.</p>\r\n<p style=\"text-align: center;\"><br /> <strong>\"The Aleya Smaku\"</strong> corporation - \"Where the best bet is!\"</p>\r\n<p><strong><br /></strong></p>','<p>&nbsp;</p>\r\n<p><img style=\"display: block; margin-left: auto; margin-right: auto;\" src=\"../../../../userfiles/as-2.png\" alt=\"\" width=\"163\" height=\"118\" /></p>\r\n<p>&nbsp;</p>\r\n<p style=\"text-align: justify;\">&nbsp;&nbsp;<strong>&laquo;Алея Смаку&raquo;</strong> - велика, динамічно зростаюча мережа закладів, загальновизнаний лідер ресторанного ринку Полтави.<br />&nbsp; &nbsp;В корпорацію <strong>&laquo;Алея Смаку&raquo;</strong>, на сьогоднішній день, входять ресторанний комплекс <strong>&laquo;Каштанова алея&raquo;</strong>, ресторан <strong>&laquo;Посейдон&raquo;</strong>, готель <strong>&laquo;Алея Гранд&raquo;</strong>, ресторан <strong>&laquo;Раффінато&raquo;</strong>, <strong>&laquo;Нега&raquo;</strong>-бар, кафе-бар <strong>&laquo;Бочка&raquo;</strong>, ресторан <strong>&laquo;Козачка&raquo;</strong>, СПА салон <strong>&laquo;Лотос&raquo;</strong>, кафе-бар <strong>&laquo;Європа&raquo;</strong> з боулінг-клубом <strong>&laquo;Бум у місті&raquo;</strong>. Секрет успіху компанії, на думку засновників, в тому, що <strong>&laquo;Алея Смаку&raquo;</strong> - це, перш за все, компанія однодумців, а її досягнення - наслідок не тільки чітких бізнес-розрахунків, але і праці кожного учасника команди. У компанії працюють понад 400 співробітників, які безперервно забезпечують високоякісний сервіс і створюють гарний настрій гостям.<br />&nbsp; &nbsp;Відвідавши наші заклади вперше, Ви назавжди опинитесь серед наших постійних клієнтів і повернетесь до нас знову і знову.<br />&nbsp; &nbsp;Мережа закладів <strong>&laquo;Алея Смаку&raquo;</strong> - це гарантія якісного, комфортного і безтурботного відпочинку.</p>\r\n<p style=\"text-align: center;\">Корпорація <strong>&laquo;Алея Смаку&raquo;</strong> - &laquo;Тільки там, де найкраще!&raquo;</p>','index','','','');

/*!40101 SET SQL_MODE=@OLD_SQL_MODE */;
/*!40014 SET FOREIGN_KEY_CHECKS=@OLD_FOREIGN_KEY_CHECKS */;
/*!40014 SET UNIQUE_CHECKS=@OLD_UNIQUE_CHECKS */;
/*!40111 SET SQL_NOTES=@OLD_SQL_NOTES */;
